dsa,dbms,os,cn,oops,system_design,aptitude,web_dev,overall_accuracy,attempts,improvement_rate,learning_velocity,consistency_score,weak_topic_count,readiness_score,readiness_category
48.4,68.8,63.1,41.1,50.5,70.4,71.5,53.5,58.4,1,-3.9,12.7,65.5,4,62.2,1
72.0,51.6,46.9,80.9,59.6,50.0,55.8,57.8,59.3,14,38.4,8.8,65.3,6,65.6,1
59.6,78.1,80.7,75.8,60.4,36.3,75.2,72.6,67.3,4,6.2,10.3,55.8,2,70.7,1
19.6,44.8,51.3,26.7,36.5,39.5,60.0,23.2,37.7,9,24.7,8.9,57.7,7,37.3,0
100.0,93.8,81.0,66.2,100.0,84.0,88.3,94.3,88.4,15,39.3,9.7,66.1,0,100.0,2
29.6,42.0,32.8,27.4,20.0,45.6,34.4,43.1,34.4,2,2.1,11.8,73.7,8,32.8,0
82.9,68.9,60.4,74.7,62.9,37.6,88.3,72.6,68.5,2,-0.5,11.8,53.3,1,81.0,2
29.1,43.5,52.4,47.9,41.9,43.8,62.8,63.8,48.1,1,-4.7,11.3,65.7,6,38.1,0
55.2,42.5,46.8,52.2,39.2,40.0,55.5,43.1,46.8,3,4.4,11.0,80.0,8,45.5,0
60.7,83.0,71.0,63.3,93.0,83.5,83.8,53.8,74.0,4,7.7,11.2,58.6,1,79.8,2
43.9,73.5,53.7,79.1,100.0,70.9,71.5,64.9,69.7,3,3.3,11.7,49.8,2,71.3,1
31.5,42.6,29.8,48.4,28.7,10.0,20.0,42.3,31.7,2,0.8,10.9,62.0,8,26.6,0
60.3,56.2,59.3,59.6,74.0,59.5,52.2,55.0,59.5,1,-3.8,12.7,80.6,6,62.6,1
55.8,47.6,69.9,50.4,64.8,24.8,61.4,48.1,52.8,3,4.5,11.3,58.3,5,56.2,0
39.3,44.4,26.5,51.7,53.6,39.0,35.8,25.6,39.5,1,-1.1,14.0,69.1,8,38.6,0
61.0,56.9,45.9,61.4,63.4,93.4,74.9,66.2,65.4,7,9.6,8.3,58.2,2,75.1,1
39.6,36.2,45.1,48.2,43.7,53.8,24.1,39.3,41.2,1,-0.8,14.4,73.4,8,35.8,0
56.6,42.1,53.9,54.2,69.0,52.3,40.6,37.8,50.8,2,-1.4,10.5,69.3,7,52.9,0
48.9,45.3,29.0,64.7,62.3,34.8,57.5,33.1,46.9,1,-1.8,14.0,58.7,6,45.3,0
50.2,53.9,32.4,69.4,54.2,64.6,38.6,46.3,51.2,6,15.6,10.1,63.1,6,55.5,0
36.8,45.9,40.3,64.6,38.6,51.4,45.3,59.0,47.7,2,3.1,12.9,70.2,7,43.2,0
75.1,77.7,66.3,60.6,60.6,56.8,69.4,62.6,66.1,1,-1.4,15.0,77.8,1,77.4,1
32.7,39.6,53.9,31.2,20.0,24.9,29.7,19.3,31.4,3,5.2,10.6,66.1,8,30.1,0
56.3,95.6,47.4,72.4,68.8,41.4,67.4,59.6,63.6,9,26.1,10.0,49.8,4,69.7,1
54.1,54.1,54.9,48.6,50.5,48.1,27.8,48.9,48.4,9,13.9,7.2,73.8,8,46.1,0
55.3,35.0,29.4,53.4,56.1,41.3,71.8,35.3,47.2,1,-0.2,15.0,57.2,7,46.9,0
52.3,59.3,64.7,52.0,60.7,56.4,58.3,46.1,56.2,5,5.8,8.9,82.4,6,56.5,0
59.1,44.3,62.9,64.2,33.2,52.5,42.8,53.6,51.6,1,-0.3,15.0,67.7,6,55.8,0
37.2,46.1,53.4,66.2,55.1,39.8,79.1,37.1,51.8,1,-4.7,11.5,55.1,6,47.0,0
42.9,57.3,47.3,54.6,61.7,58.4,42.4,64.9,53.7,3,4.0,10.9,74.4,6,50.2,0
50.4,36.9,57.9,35.9,34.2,55.1,32.2,24.5,40.9,1,-2.4,13.1,64.0,8,39.7,0
69.0,53.2,52.7,40.5,48.2,48.5,62.6,30.4,50.6,6,11.9,8.9,64.0,6,55.3,0
52.4,39.4,61.0,61.6,53.2,62.7,44.7,59.7,54.3,10,17.7,7.9,74.3,5,56.2,0
33.9,43.6,18.3,37.0,27.5,31.7,33.7,21.0,30.8,1,-2.5,12.4,75.1,8,32.3,0
15.0,15.0,35.2,21.1,20.0,26.6,23.1,24.0,22.5,1,-2.1,12.8,80.4,8,20.2,0
37.9,47.6,41.2,34.2,46.8,55.6,33.4,51.3,43.5,3,5.8,11.4,75.7,8,42.7,0
71.3,50.8,61.3,59.4,74.4,74.0,63.8,51.1,63.3,3,3.5,10.8,71.7,3,70.5,1
86.1,85.4,80.8,91.6,76.8,84.7,89.0,69.6,83.0,9,24.6,10.7,78.8,0,98.6,2
65.2,50.6,64.5,53.4,44.9,43.1,51.9,57.5,53.9,8,15.8,8.3,75.6,6,56.2,0
46.3,38.0,27.7,32.7,27.8,27.6,54.0,36.4,36.3,4,3.5,8.0,71.1,8,31.0,0
10.0,40.9,26.3,15.0,25.2,22.0,20.0,28.2,23.4,2,-0.3,9.8,72.2,8,20.2,0
35.9,60.1,60.2,43.3,68.7,58.2,59.5,50.5,54.6,6,15.9,10.1,68.2,5,57.8,0
81.1,78.6,73.7,88.2,92.0,61.9,82.6,67.6,78.2,1,-4.7,12.7,69.7,0,89.7,2
10.7,38.2,32.2,17.6,30.3,13.6,40.7,20.0,25.4,12,21.4,6.3,65.8,8,21.5,0
35.6,71.2,43.8,72.7,42.3,49.7,43.7,44.5,50.4,1,-3.3,12.6,58.6,6,46.7,0
74.3,67.2,55.2,59.0,40.0,51.4,44.2,47.9,54.9,3,1.2,9.7,65.3,6,58.0,0
37.1,42.0,52.4,24.8,35.1,59.8,37.2,44.1,41.6,1,-3.2,12.4,67.6,8,37.6,0
76.8,83.1,89.6,74.6,48.8,29.2,68.9,63.3,66.8,2,-1.3,11.2,41.2,2,76.3,1
66.3,71.8,45.9,72.5,74.4,62.3,74.7,66.7,66.8,4,5.2,10.2,71.5,1,80.6,2
24.7,24.3,19.1,29.9,46.9,23.9,33.0,32.8,29.3,5,4.4,7.1,74.3,8,26.1,0
40.1,59.1,58.1,72.7,56.7,64.9,63.2,81.3,62.0,6,13.5,9.9,63.7,4,67.9,1
66.4,48.4,63.8,55.8,67.8,52.8,82.0,46.9,60.5,4,9.4,11.5,64.7,4,67.6,1
67.3,26.2,47.6,59.4,39.5,36.5,50.2,48.1,46.8,2,0.9,11.7,61.2,7,48.3,0
29.9,29.2,32.2,39.6,20.0,47.0,32.6,25.3,32.0,8,17.1,8.0,75.1,8,34.4,0
73.5,74.6,56.9,68.4,73.4,82.6,78.4,66.4,71.8,6,13.5,10.5,76.4,1,87.0,2
16.8,38.4,29.0,55.0,39.5,30.2,20.0,26.2,31.9,1,-2.4,12.8,63.4,8,29.6,0
35.2,29.4,53.9,57.9,60.9,37.7,26.5,51.6,44.1,7,20.6,9.8,59.7,7,42.0,0
65.6,36.3,62.3,47.4,82.5,72.6,61.2,43.8,59.0,13,29.3,8.4,53.7,3,66.4,1
78.0,86.0,76.5,73.8,66.6,77.8,61.1,78.2,74.8,4,0.2,8.5,77.0,0,88.1,2
81.1,76.0,58.9,98.3,83.7,80.7,69.8,80.3,78.6,2,1.5,13.2,66.1,1,89.2,2
17.5,60.7,60.0,61.6,45.6,31.9,51.5,67.2,49.5,4,3.0,8.2,48.8,4,44.5,0
66.5,89.1,64.3,59.6,72.2,54.9,78.6,93.2,72.3,2,0.3,12.3,58.9,2,76.5,1
42.0,63.0,59.5,75.4,53.7,70.8,53.6,44.4,57.8,4,7.6,10.4,64.7,5,59.9,0
50.7,56.3,53.0,67.4,53.3,57.1,55.9,69.5,57.9,3,-1.5,8.4,79.5,6,55.3,0
47.6,46.0,42.9,36.7,48.4,33.4,45.3,45.5,43.2,10,33.0,9.9,83.9,8,43.7,0
84.6,80.4,76.1,74.0,88.6,62.5,81.7,75.1,77.9,4,8.5,11.6,76.2,0,93.5,2
31.1,28.0,36.4,36.9,30.4,26.1,35.2,49.4,34.2,1,-3.7,11.2,78.2,8,31.2,0
52.7,31.1,69.1,24.1,53.7,30.6,45.6,27.5,41.8,5,7.8,8.3,52.3,7,38.4,0
65.7,51.6,80.7,82.6,65.3,61.8,85.0,74.3,70.9,2,-1.0,11.7,65.0,1,78.9,2
44.9,62.0,69.1,93.8,34.0,72.5,63.5,38.6,59.8,2,-2.0,10.5,40.6,3,63.5,1
95.7,90.7,90.7,95.0,73.8,77.0,72.9,88.3,85.5,2,0.2,12.6,71.7,0,100.0,2
73.6,83.0,74.0,70.3,60.3,92.5,68.0,93.4,76.9,1,-1.0,15.0,64.8,0,86.8,2
38.4,49.4,47.3,45.1,32.8,60.3,48.9,54.7,47.1,13,28.0,7.5,74.1,7,44.9,0
75.1,60.8,73.0,73.8,83.1,64.2,64.4,86.0,72.6,3,2.6,11.0,72.9,0,83.2,2
77.1,77.8,76.7,54.3,54.0,79.6,84.6,80.6,73.1,6,6.4,8.4,64.2,2,80.0,2
42.1,42.3,58.3,36.6,47.1,41.5,57.3,33.0,44.8,2,-0.7,10.3,72.9,8,38.0,0
42.0,48.1,32.9,26.5,71.4,79.2,50.2,55.0,50.7,5,4.9,8.1,46.4,6,49.7,0
35.2,26.2,18.7,48.2,29.5,31.9,51.0,47.1,36.0,3,5.5,10.9,65.1,8,33.5,0
92.8,100.0,100.0,82.9,87.0,85.7,96.9,74.3,90.0,2,-2.4,11.5,72.8,0,100.0,2
27.0,35.1,16.9,36.0,38.9,13.9,20.0,43.3,28.9,13,19.0,5.3,67.1,8,21.9,0
36.3,33.5,15.0,26.9,20.0,14.5,25.5,17.1,23.6,3,3.4,9.1,75.1,8,21.1,0
48.3,43.5,30.8,39.6,55.4,41.3,44.5,49.4,44.1,4,4.7,9.3,78.0,8,43.6,0
48.0,61.5,80.9,62.6,66.3,70.4,51.6,56.4,62.2,1,-0.3,15.0,68.4,3,69.7,1
62.9,33.1,43.9,25.5,34.4,31.7,36.7,33.5,37.7,2,-0.8,9.8,65.9,7,42.7,0
43.1,51.4,32.4,64.6,37.1,10.0,46.2,76.9,45.2,8,8.4,6.4,39.1,6,39.6,0
68.1,74.2,48.9,47.7,50.6,53.1,85.9,50.9,59.9,5,7.4,9.2,57.2,5,65.3,1
62.9,42.0,57.3,51.3,46.1,36.9,55.9,38.3,48.8,3,2.3,10.2,71.5,7,52.5,0
55.4,42.6,63.6,41.0,59.5,41.3,48.5,55.4,50.9,9,18.1,8.2,73.7,7,51.1,0
67.2,77.7,65.5,55.2,63.5,78.4,80.4,59.2,68.4,3,-0.7,9.5,71.8,2,75.7,1
15.2,44.7,39.8,50.6,61.2,24.8,49.1,44.3,41.2,3,3.7,10.5,55.9,7,29.8,0
36.7,59.9,63.5,34.6,65.9,27.1,43.6,57.4,48.6,2,2.6,12.7,55.4,6,46.3,0
46.2,39.8,42.7,41.7,31.2,14.6,36.7,29.8,35.3,4,6.9,9.6,69.8,8,34.4,0
15.5,35.8,46.3,55.1,56.0,37.6,46.8,44.2,42.2,2,0.4,11.3,61.2,8,31.0,0
52.1,33.3,58.7,47.0,72.3,22.2,62.5,55.2,50.4,2,0.5,11.5,51.7,6,45.1,0
73.7,72.0,39.6,37.1,57.5,36.2,71.2,56.3,55.4,12,30.3,9.1,51.8,5,61.6,1
71.3,67.9,66.7,79.0,73.6,51.4,53.9,60.8,65.6,1,-3.5,13.0,71.3,2,72.6,1
70.9,75.3,68.2,67.3,69.6,61.2,83.1,67.1,70.3,1,-4.8,11.9,80.5,0,85.2,2
43.4,37.5,16.8,38.3,42.2,16.0,22.8,31.5,31.1,1,-2.0,13.0,66.7,8,31.8,0
67.4,15.0,25.3,46.5,41.0,48.1,41.2,50.4,41.9,2,0.8,11.5,52.2,7,40.5,0
58.2,52.1,38.9,57.3,64.6,41.9,57.1,49.9,52.5,2,0.2,11.0,74.0,7,55.7,0
58.6,41.4,58.4,69.2,50.0,57.8,72.1,48.4,57.0,1,-3.0,13.2,69.1,6,60.4,1
75.2,56.8,79.1,89.4,83.4,53.8,81.9,58.7,72.3,3,3.8,11.8,58.7,3,78.6,2
48.7,27.0,68.3,52.4,47.2,70.2,35.0,35.5,48.0,4,6.5,9.7,53.5,6,47.7,0
38.4,20.5,44.7,25.8,47.6,21.4,42.9,28.0,33.7,5,3.6,7.3,67.2,8,30.4,0
67.3,58.2,37.2,60.1,44.4,39.3,40.9,68.9,52.0,13,43.0,9.8,61.1,5,54.4,0
54.4,41.0,45.0,52.5,35.7,49.7,72.9,27.2,47.3,4,7.4,10.1,58.9,7,47.7,0
41.8,31.2,31.4,40.9,49.8,43.2,49.8,54.5,42.8,1,-2.5,13.2,74.6,8,39.2,0
72.8,58.3,54.7,47.2,53.6,62.6,65.7,48.8,58.0,1,-4.4,12.0,73.9,5,64.1,1
51.8,44.3,72.2,63.2,51.7,45.0,52.3,67.9,56.0,6,6.5,7.9,68.7,5,55.9,0
24.9,48.9,42.9,37.7,42.3,15.4,54.4,32.0,37.3,4,1.7,7.5,61.7,8,31.4,0
23.2,41.6,16.6,21.7,20.0,10.0,20.0,25.0,22.3,1,-3.5,11.2,72.9,8,17.5,0
68.6,76.5,84.3,99.2,90.7,94.8,71.5,84.1,83.7,2,2.0,13.7,67.2,0,96.2,2
55.4,61.0,35.6,54.7,45.9,35.4,47.6,59.9,49.4,5,12.0,9.9,69.8,7,53.4,0
69.4,95.1,45.0,84.1,87.3,68.4,90.0,72.1,76.4,3,5.1,12.6,51.6,1,86.9,2
75.6,78.4,60.9,91.9,82.4,93.7,99.8,69.0,81.5,4,2.2,9.6,60.5,0,93.2,2
70.3,79.1,64.3,63.8,65.2,45.7,76.0,65.2,66.2,1,-1.5,14.7,69.8,1,74.1,1
24.7,28.4,43.8,26.7,21.9,30.2,45.2,15.2,29.5,4,5.3,8.6,69.1,8,28.7,0
43.5,18.9,60.2,35.7,50.8,20.2,31.9,18.8,35.0,6,8.7,7.7,53.2,7,34.0,0
43.2,39.0,59.0,65.3,58.0,30.6,48.6,59.5,50.4,8,23.3,10.0,64.0,7,46.7,0
44.5,35.9,58.6,51.7,37.4,63.7,33.1,50.3,46.9,5,10.0,9.2,66.8,7,48.8,0
56.8,57.2,57.9,57.1,49.2,71.3,49.0,54.4,56.6,3,4.2,10.8,79.3,7,57.4,0
21.3,15.0,35.1,15.0,26.2,34.1,20.0,22.1,23.6,4,1.6,6.8,76.9,8,18.4,0
68.6,61.6,80.7,78.6,70.3,74.6,83.1,61.6,72.4,3,5.3,12.1,75.2,0,86.9,2
60.3,42.5,60.9,55.0,61.3,59.6,45.5,74.2,57.4,1,-0.9,15.0,70.2,4,58.7,0
42.3,40.0,59.1,55.1,62.7,30.5,34.6,66.8,48.9,8,20.1,8.9,58.9,6,47.8,0
93.9,98.2,73.2,71.0,72.9,78.1,80.9,83.8,81.5,3,4.3,12.4,70.0,0,99.1,2
59.1,48.3,15.0,70.1,50.7,31.2,29.6,35.2,42.4,4,4.1,8.6,46.4,7,44.9,0
71.2,76.2,88.5,84.1,81.3,36.9,90.4,69.4,74.8,15,24.8,8.1,48.9,1,84.0,2
53.7,48.0,38.4,29.8,44.6,45.0,22.9,38.7,40.1,15,33.4,6.7,70.1,8,39.2,0
23.7,29.9,18.6,38.9,44.4,32.5,32.2,15.0,29.4,4,3.9,7.9,70.3,8,25.5,0
95.7,73.9,55.7,82.4,73.9,45.5,82.4,56.9,70.8,1,-4.9,12.2,49.8,3,83.1,2
38.9,56.6,44.7,52.5,49.1,32.9,37.2,37.2,43.6,2,1.3,11.5,74.7,8,43.2,0
69.5,58.3,69.3,48.5,73.5,69.2,54.8,67.1,63.8,10,32.9,10.5,73.7,3,73.8,1
77.5,79.9,74.6,83.7,79.3,63.4,62.3,86.5,75.9,2,1.4,12.9,73.6,0,85.0,2
67.1,81.7,58.6,66.8,84.5,40.1,62.3,74.4,66.9,15,33.3,8.6,57.8,2,72.2,1
44.5,43.6,34.8,45.2,41.2,22.1,39.8,50.2,40.2,1,-1.1,14.3,74.4,8,39.1,0
74.6,43.1,65.3,29.3,52.5,77.2,58.8,69.2,58.8,3,-0.9,8.8,50.7,4,66.2,1
53.7,58.9,58.4,52.2,46.6,52.3,44.6,68.4,54.4,3,0.5,9.5,77.4,7,53.9,0
16.4,36.3,36.2,18.9,20.3,34.3,20.0,16.2,24.8,2,2.8,11.5,72.9,8,22.1,0
43.7,67.7,53.6,64.1,57.1,77.1,60.0,68.2,61.4,11,24.6,8.4,69.3,3,70.1,1
86.6,87.4,76.0,60.8,66.6,54.0,69.3,79.9,72.6,4,7.0,10.9,64.0,1,82.0,2
62.8,63.9,67.4,47.3,73.7,66.0,43.1,72.1,62.0,1,-1.1,15.0,66.8,2,73.2,1
78.7,73.8,55.1,67.6,69.8,29.8,71.7,65.8,64.0,2,-1.4,10.9,53.8,2,73.5,1
53.8,50.9,71.8,58.1,60.7,45.9,74.3,68.2,60.5,5,14.8,11.6,69.4,4,61.7,1
82.4,71.3,55.7,58.7,72.1,69.0,63.9,74.1,68.4,2,-1.0,11.4,74.0,2,80.7,2
54.3,58.4,46.2,47.5,53.4,37.3,27.7,22.9,43.5,8,15.0,7.9,61.3,8,42.8,0
77.1,90.2,80.6,55.6,72.0,77.4,73.9,84.4,76.4,1,-3.3,14.1,69.4,1,83.5,2
60.9,71.5,67.4,77.4,79.3,75.1,63.0,83.6,72.3,2,1.3,12.8,76.0,0,84.2,2
40.9,47.3,61.1,47.8,43.1,51.5,61.3,61.1,51.8,1,-4.4,11.6,74.9,5,49.7,0
40.3,38.9,55.6,46.3,63.2,47.9,37.9,53.3,47.9,1,-3.8,12.1,73.1,7,42.2,0
65.4,51.4,58.2,66.1,54.7,49.7,49.7,54.7,56.2,2,0.8,11.7,80.4,6,60.1,1
63.9,48.6,62.4,55.3,63.0,47.3,79.8,57.2,59.7,15,18.4,6.4,69.2,4,64.6,1
57.9,68.1,92.6,74.2,53.6,50.5,74.2,69.5,67.6,1,-2.8,14.1,59.2,3,72.1,1
77.4,60.9,96.6,77.5,87.1,90.5,84.0,88.5,82.8,1,-4.7,12.8,67.2,0,91.3,2
46.0,34.5,59.1,90.8,49.0,53.6,47.0,52.6,54.1,2,-1.4,10.2,50.7,7,49.0,0
16.3,53.1,51.9,50.3,44.3,26.6,52.1,53.5,43.5,4,7.9,10.0,57.5,8,32.2,0
40.7,52.9,36.6,30.1,42.7,39.5,47.4,37.5,40.9,5,10.5,9.4,79.2,8,42.0,0
49.8,39.6,41.4,65.9,47.9,17.4,59.9,54.8,47.1,5,5.8,7.9,55.4,7,43.3,0
60.7,64.0,69.6,76.2,70.9,48.9,83.0,54.9,66.0,1,-1.2,15.0,66.5,2,74.4,1
51.0,51.6,61.0,50.0,53.3,50.4,51.6,50.9,52.5,4,4.7,9.1,89.3,7,55.1,0
52.5,53.3,57.9,42.6,60.4,45.4,46.8,40.5,49.9,4,7.1,9.9,78.4,7,52.5,0
44.9,54.3,56.4,33.1,42.3,45.4,51.2,48.2,47.0,3,3.3,10.3,77.9,8,44.3,0
53.8,31.9,69.6,52.3,39.6,27.9,39.7,70.0,48.1,2,-0.1,10.8,51.9,6,45.0,0
56.5,15.0,38.3,32.4,43.6,19.8,40.5,45.9,36.5,6,5.5,6.9,59.0,8,34.3,0
62.0,69.4,91.0,67.6,87.0,84.7,67.5,82.3,76.4,2,-2.3,11.2,67.2,0,85.7,2
37.9,42.0,53.5,54.0,47.7,61.3,35.2,59.6,48.9,1,-1.6,13.8,70.6,7,48.4,0
89.4,73.0,66.5,81.9,48.9,62.5,70.3,30.7,65.4,2,1.2,12.4,44.4,2,80.0,2
49.5,51.5,53.7,42.8,35.9,40.1,53.3,46.1,46.6,3,2.2,9.7,80.4,8,45.3,0
58.7,66.1,64.4,70.1,57.6,69.9,58.7,53.2,62.3,1,-0.4,15.0,81.5,4,67.8,1
74.6,68.2,67.9,79.4,59.9,57.3,83.4,66.8,69.7,4,4.5,10.4,73.0,2,78.1,2
58.8,44.4,49.0,50.0,46.7,53.7,58.9,25.8,48.4,8,23.5,9.5,68.4,8,50.5,0
25.1,39.0,46.5,28.2,36.3,24.4,32.7,34.7,33.4,4,11.2,10.9,77.6,8,33.1,0
64.3,46.1,57.2,51.4,44.4,39.8,39.5,61.8,50.6,3,7.2,12.3,71.0,6,52.1,0
29.8,23.4,15.0,21.6,28.3,25.2,39.4,32.4,26.9,6,15.8,9.2,77.9,8,25.5,0
28.9,37.3,20.0,24.3,39.6,32.6,43.5,48.4,34.3,5,12.2,9.7,71.0,8,29.5,0
82.5,92.7,73.7,90.4,70.4,88.6,94.7,85.3,84.8,2,1.4,13.6,73.7,0,96.2,2
65.5,56.9,64.1,59.2,60.3,40.6,55.2,79.9,60.2,4,6.8,10.7,67.0,4,65.8,1
33.1,38.5,30.8,29.3,37.0,26.6,24.2,33.8,31.7,5,12.1,9.7,85.3,8,31.5,0
85.9,88.1,79.3,56.3,69.8,67.5,76.6,49.7,71.6,1,-2.7,14.2,59.3,2,79.9,2
32.5,37.4,56.5,23.7,39.2,44.9,43.6,23.1,37.6,2,1.9,11.9,66.5,8,35.7,0
66.0,65.3,79.9,39.0,78.2,33.5,61.9,58.3,60.3,1,-0.6,15.0,50.2,3,64.2,1
59.7,53.3,57.4,55.7,63.1,36.5,68.4,42.9,54.6,15,23.7,6.6,68.7,6,59.3,0
69.5,66.6,80.2,33.6,61.8,36.0,69.1,60.6,59.7,1,-2.1,14.6,50.7,2,66.0,1
74.9,84.8,58.3,71.7,55.5,48.7,79.1,79.1,69.0,1,-4.6,12.2,60.7,3,72.2,1
48.7,58.5,52.2,60.9,50.2,42.0,63.4,36.1,51.5,3,4.5,11.1,71.9,6,55.7,0
49.2,26.2,28.6,42.4,54.6,44.5,31.1,60.5,42.1,7,21.7,10.0,62.4,7,40.6,0
43.4,54.3,51.3,39.0,20.0,10.0,26.8,26.8,34.0,2,-1.9,9.3,53.3,8,28.7,0
71.3,63.8,83.1,56.5,60.9,62.4,47.8,44.8,61.3,6,9.1,8.8,63.2,3,68.7,1
10.0,23.6,23.0,31.6,23.1,15.9,29.4,25.0,22.7,4,2.2,7.2,79.2,8,16.4,0
59.5,69.6,27.5,57.2,65.8,43.0,55.1,71.7,56.2,4,7.4,10.3,55.8,5,55.1,0
65.0,46.9,42.9,72.1,64.5,62.0,68.5,45.9,58.5,7,18.4,9.8,65.8,3,64.5,1
47.6,72.7,44.9,73.5,38.2,65.7,59.1,45.6,55.9,1,-1.6,14.3,59.1,5,59.3,0
48.9,57.7,39.6,75.8,67.8,40.3,43.2,49.3,52.8,10,12.8,6.9,60.4,6,52.5,0
40.3,61.2,36.8,39.7,25.8,34.3,44.6,62.9,43.2,7,7.6,7.1,61.5,6,42.3,0
21.4,69.5,37.5,46.3,40.6,25.4,20.0,29.4,36.3,10,9.8,5.4,51.0,7,32.5,0
67.2,62.3,66.9,66.3,66.6,43.5,63.1,64.7,62.6,6,14.9,10.2,76.3,1,75.9,1
75.9,48.9,24.1,41.5,65.8,23.3,76.9,50.4,50.8,8,15.3,8.1,37.1,5,52.8,0
57.2,53.0,57.0,52.5,66.4,56.5,66.2,62.4,58.9,1,-0.6,15.0,83.6,5,62.4,1
50.6,56.1,56.7,52.1,50.0,41.0,59.1,50.4,52.0,2,-1.9,10.3,83.3,8,50.4,0
59.9,49.4,46.7,46.4,50.0,54.6,60.5,83.4,56.4,2,1.2,12.3,63.4,6,53.9,0
28.0,46.7,50.6,30.7,62.3,66.2,51.3,81.2,52.1,1,-4.6,11.3,46.7,5,49.0,0
38.2,79.9,45.7,54.6,64.1,40.2,45.5,36.5,50.6,5,3.5,7.5,55.2,6,50.1,0
81.0,83.3,74.8,80.8,77.3,62.1,89.6,68.1,77.1,1,-5.0,12.6,73.8,0,87.1,2
73.5,78.3,72.2,83.0,84.5,71.1,78.3,83.9,78.1,1,-4.4,13.3,83.9,0,87.1,2
90.1,73.9,77.9,87.0,89.6,69.2,69.9,48.0,75.7,6,13.5,10.7,58.0,1,90.9,2
42.8,54.9,49.0,56.4,66.4,49.7,46.2,59.0,53.0,9,13.4,7.6,77.2,7,53.9,0
63.8,65.8,32.4,64.8,51.6,39.5,53.4,77.4,56.1,6,11.6,9.1,55.5,4,61.2,1
47.3,30.8,31.5,23.1,22.8,10.0,20.0,23.6,26.1,7,22.5,9.6,67.5,8,29.9,0
65.7,79.9,46.0,51.8,53.1,63.4,76.6,74.1,63.8,4,7.3,10.7,62.3,3,74.0,1
41.1,41.0,23.8,44.8,52.9,25.8,38.8,61.1,41.2,8,15.0,7.8,62.6,7,38.4,0
33.3,29.7,33.4,60.8,27.4,47.8,20.0,21.1,34.2,3,4.4,9.9,58.7,7,34.6,0
51.9,48.5,55.2,74.6,53.5,45.9,46.7,59.5,54.5,15,45.0,9.2,72.1,7,57.1,0
59.1,79.6,71.6,96.4,89.8,67.1,86.7,87.1,79.7,1,-2.5,14.9,61.9,1,82.0,2
20.1,15.0,36.0,16.8,33.3,22.1,38.3,41.6,27.9,6,11.3,8.0,68.5,8,24.9,0
55.5,33.4,60.8,58.4,59.9,51.8,60.0,65.5,55.7,4,3.4,9.0,70.5,5,59.9,0
40.7,60.2,55.1,63.8,49.2,34.3,44.4,65.8,51.7,4,6.7,10.0,65.8,5,51.2,0
55.0,41.8,62.1,87.5,56.6,44.0,55.1,50.6,56.6,5,8.4,9.6,57.6,6,62.4,1
71.2,70.8,45.6,43.6,58.4,67.0,59.7,67.4,60.5,7,11.6,8.8,67.5,4,70.0,1
44.0,38.5,58.6,53.7,49.9,23.7,48.3,60.8,47.2,7,19.1,9.4,64.2,7,44.7,0
59.8,58.9,54.3,62.4,48.4,49.8,48.7,66.7,56.1,1,-4.2,11.7,79.4,6,52.9,0
67.0,45.5,51.7,69.6,66.8,68.2,60.1,66.2,61.9,1,-2.0,14.5,73.6,2,69.6,1
44.4,48.5,40.9,24.7,30.5,45.4,33.8,34.5,37.8,1,-2.8,12.6,75.3,8,37.9,0
26.3,40.4,38.2,40.7,42.4,34.6,29.7,48.2,37.6,1,-3.5,11.8,78.8,8,33.4,0
41.2,62.3,56.6,63.4,60.6,25.7,58.1,63.7,54.0,2,3.1,13.3,59.5,4,51.9,0
46.5,65.2,73.2,54.9,59.2,29.0,65.5,58.0,56.4,5,10.8,9.9,59.1,5,56.2,0
46.1,56.8,31.6,46.8,58.7,30.0,57.5,64.4,49.0,3,4.0,10.9,61.8,7,48.0,0
70.3,46.0,53.6,61.3,75.4,59.1,70.3,60.5,62.1,5,10.9,10.9,71.0,3,71.8,1
53.4,72.0,38.0,72.1,48.3,59.5,63.3,76.2,60.4,3,6.3,12.5,60.4,4,65.6,1
61.0,55.8,52.2,43.4,62.8,28.9,68.6,53.2,53.2,3,3.4,10.4,62.7,5,56.6,0
46.8,54.1,62.1,47.9,42.8,47.2,64.6,69.5,54.4,1,-3.4,12.8,70.5,5,54.2,0
31.7,28.7,41.6,36.7,47.1,42.0,46.0,37.2,38.9,6,17.9,9.9,80.5,8,38.8,0
27.3,25.7,25.7,32.7,27.5,10.9,34.8,35.7,27.5,5,2.2,6.2,76.5,8,23.0,0
67.6,71.4,59.1,68.5,38.4,36.8,54.3,59.8,57.0,2,3.3,13.3,60.4,5,57.3,0
84.5,54.2,59.4,48.0,62.9,73.1,76.4,56.8,64.4,2,1.2,12.5,62.8,4,75.0,1
93.7,53.3,79.7,54.5,57.0,50.9,58.5,60.6,63.5,1,-1.4,15.0,54.8,5,69.8,1
57.8,57.6,85.5,67.6,84.5,70.0,90.1,82.5,74.4,6,5.8,8.6,61.5,2,79.8,2
68.7,73.4,61.0,49.2,68.3,82.5,82.0,62.5,68.4,5,2.6,8.5,66.7,1,77.3,1
60.2,86.2,62.9,74.5,56.8,43.2,73.0,62.8,65.0,4,7.5,11.0,61.2,2,74.8,1
50.6,72.0,45.2,21.9,53.3,25.8,39.1,42.3,43.8,1,-2.2,13.5,52.5,7,41.6,0
49.2,54.2,63.2,56.3,45.6,37.5,55.2,50.5,51.5,1,-4.1,11.7,76.9,7,51.3,0
62.4,59.3,58.8,83.5,74.8,62.7,82.1,77.2,70.1,1,-4.3,12.7,68.9,2,76.2,1
49.5,49.0,70.5,61.5,56.7,42.3,51.2,38.9,52.4,1,-2.0,14.2,69.3,6,51.6,0
57.0,79.3,50.6,44.6,80.8,89.0,63.5,60.0,65.6,1,-5.0,12.0,52.8,3,72.9,1
26.7,74.3,73.3,60.5,54.9,59.8,49.1,49.4,56.0,1,-4.3,12.2,54.5,5,51.5,0
35.0,44.9,61.1,41.5,35.3,34.0,56.7,48.3,44.6,3,-0.7,8.6,69.4,7,41.5,0
67.1,73.6,54.8,41.8,46.2,31.5,56.6,33.0,50.6,2,-1.7,10.4,54.4,6,57.4,0
61.1,42.7,55.3,52.9,48.5,38.1,65.2,57.8,52.7,3,2.3,9.6,72.5,6,55.2,0
93.0,85.2,69.6,85.9,70.4,74.5,63.0,77.0,77.3,4,7.1,11.3,70.0,0,94.9,2
57.7,60.9,36.2,65.0,60.1,67.6,38.5,45.7,54.0,4,7.5,10.1,63.7,4,61.6,1
49.4,46.2,81.7,58.1,50.1,55.9,62.6,70.6,59.3,4,7.3,10.7,64.1,5,60.1,1
31.5,52.2,39.8,49.6,56.4,37.5,52.8,52.5,46.5,2,2.6,12.5,73.1,8,39.2,0
54.3,92.2,82.9,96.8,71.8,54.0,83.7,81.6,77.2,6,11.1,10.1,52.1,2,81.6,2
23.4,26.3,45.2,60.5,44.1,32.6,31.1,31.3,36.8,9,25.9,8.6,63.2,7,36.1,0
40.9,30.0,50.4,56.0,45.5,50.0,43.6,41.8,44.8,2,-1.1,10.0,76.6,8,39.8,0
53.2,71.6,72.0,60.8,67.5,33.2,67.6,75.3,62.6,1,-4.2,12.6,58.7,2,64.3,1
61.8,59.2,64.7,57.4,63.6,51.6,67.9,63.2,61.2,8,22.1,9.8,84.9,3,71.5,1
51.8,42.0,57.4,43.5,56.8,25.1,38.8,65.4,47.6,9,12.0,6.7,61.7,7,46.4,0
58.7,65.2,67.7,73.6,64.2,38.4,61.0,65.9,61.8,1,-0.1,15.0,68.7,2,71.6,1
36.1,35.1,51.9,42.6,33.8,70.3,59.7,60.3,48.7,1,-0.7,15.0,58.7,6,45.5,0
64.6,53.9,32.0,53.6,60.5,55.3,64.2,47.0,53.9,6,9.5,8.3,68.1,5,58.8,0
47.8,66.4,51.7,53.2,45.2,33.9,41.6,51.8,49.0,2,1.0,11.6,71.5,7,50.0,0
94.1,63.7,82.3,75.4,96.7,60.8,74.6,75.0,77.8,9,30.2,11.2,61.6,0,94.0,2
64.2,54.9,49.5,50.0,57.4,51.8,60.4,57.7,55.7,1,-1.2,15.0,84.5,6,57.6,0
65.6,66.5,60.5,67.1,60.2,41.0,70.3,55.9,60.9,7,15.4,9.6,72.2,2,71.5,1
44.3,88.4,61.0,79.7,63.7,42.3,40.2,63.7,60.4,1,-3.6,12.7,47.3,3,61.0,1
50.1,68.5,73.3,50.1,63.2,60.2,52.5,60.8,59.8,2,-0.4,11.1,74.4,3,63.4,1
21.9,41.3,27.6,46.1,45.4,28.5,35.1,59.0,38.1,13,23.4,6.6,63.5,8,31.8,0
58.8,75.9,83.3,50.2,69.5,73.2,73.0,74.5,69.8,1,-3.8,13.4,68.6,2,78.8,2
47.5,53.6,35.4,44.1,27.6,26.9,20.0,27.5,35.3,1,-1.3,13.9,64.5,8,32.9,0
74.3,68.2,68.4,79.6,71.1,52.6,99.6,77.3,73.9,7,9.3,8.9,60.3,1,80.3,2
51.3,64.2,45.3,58.6,41.6,67.0,32.2,65.7,53.2,1,-0.6,15.0,61.8,5,53.0,0
55.4,52.9,55.9,73.9,85.2,27.5,70.1,38.7,57.4,1,-5.0,11.8,43.7,5,57.4,0
43.1,59.4,54.2,45.6,38.0,67.7,35.3,48.1,48.9,2,1.7,12.0,67.2,7,49.6,0
37.2,22.7,22.8,42.4,21.5,35.4,20.0,33.0,29.4,4,5.7,8.3,74.3,8,30.6,0
55.0,56.7,62.0,42.8,60.6,50.1,55.3,56.3,54.8,5,5.6,8.4,81.8,6,59.2,0
31.9,43.6,33.2,66.4,46.6,35.0,53.4,42.3,44.0,8,14.7,7.9,65.2,7,42.2,0
60.7,57.5,57.2,52.6,43.0,38.1,38.2,34.4,47.7,3,7.1,12.0,68.8,7,51.6,0
47.7,27.3,33.9,29.2,26.2,27.2,20.0,28.1,30.0,2,2.0,11.2,75.7,8,29.0,0
72.3,90.9,47.6,47.7,60.5,61.7,54.6,51.5,60.8,2,-1.9,10.7,56.0,4,69.7,1
88.6,93.9,94.7,62.4,75.5,55.9,81.6,85.4,79.8,7,22.7,11.9,57.3,1,91.5,2
98.2,69.4,86.0,86.7,87.5,75.3,74.9,83.5,82.7,5,4.9,9.7,72.7,0,99.2,2
38.3,61.4,67.3,49.5,48.2,55.6,72.0,76.3,58.6,9,11.1,7.2,61.0,4,60.0,1
65.9,53.3,58.1,58.3,54.9,34.8,32.4,20.7,47.3,12,16.8,6.2,52.5,7,48.4,0
84.8,67.3,82.4,74.9,72.6,95.2,78.4,67.2,77.8,2,1.7,13.2,71.6,0,89.7,2
58.3,67.1,51.2,35.0,47.1,45.0,68.6,61.6,54.2,3,0.3,9.1,65.0,5,56.2,0
61.0,75.6,70.9,72.7,59.7,31.1,64.3,76.2,63.9,4,10.0,11.7,55.9,2,70.6,1
30.5,47.1,25.3,46.0,58.7,27.5,29.1,56.3,40.1,1,-0.6,14.9,59.5,8,31.8,0
36.7,53.2,46.3,42.1,49.4,46.3,44.9,29.9,43.6,1,-3.4,12.1,78.0,8,40.9,0
63.4,32.7,78.7,72.3,60.8,41.7,56.5,52.4,57.3,8,22.3,10.0,54.7,4,64.6,1
52.0,81.0,56.3,47.1,59.5,44.2,65.9,38.3,55.5,3,2.1,10.5,59.5,6,59.9,0
55.9,67.7,67.7,42.8,62.8,70.2,73.4,57.4,62.2,3,6.2,12.0,70.3,3,70.4,1
51.4,54.5,86.3,69.8,66.0,60.8,67.3,79.4,66.9,3,0.2,9.7,64.7,2,74.2,1
64.0,72.2,76.2,46.3,86.4,52.7,75.0,68.5,67.7,5,5.7,9.2,60.9,2,72.6,1
38.4,33.6,67.0,47.6,54.6,10.0,48.7,61.8,45.2,1,-5.0,11.3,46.0,6,42.0,0
50.9,60.8,48.8,80.9,85.5,69.6,66.8,74.8,67.3,4,2.8,9.4,60.3,2,69.8,1
70.2,79.0,54.3,64.6,68.3,59.1,78.5,62.1,67.0,3,2.7,10.8,73.7,2,77.3,1
47.3,55.4,71.5,37.3,44.3,66.7,56.4,25.3,50.5,8,12.2,7.8,54.5,6,51.4,0
70.5,76.1,86.7,77.9,100.0,52.6,80.7,91.9,79.6,3,3.6,11.7,57.0,1,87.3,2
23.4,33.6,38.4,28.6,20.0,22.7,40.9,37.3,30.6,10,26.6,8.0,76.0,8,25.2,0
77.3,45.4,42.1,37.2,25.4,44.1,61.3,30.2,45.4,2,2.3,12.2,49.6,6,46.9,0
73.7,78.1,69.2,100.0,46.0,76.8,56.0,70.7,71.3,12,28.1,8.9,52.2,2,80.3,2
88.9,73.8,99.7,86.6,100.0,75.1,77.0,82.0,85.4,8,20.5,10.6,68.9,0,97.9,2
44.4,59.6,52.7,51.0,75.4,38.1,69.0,69.8,57.5,4,3.4,8.9,60.5,5,55.4,0
63.4,45.9,65.7,69.7,59.2,69.4,78.1,63.2,64.3,2,1.1,12.1,72.0,2,70.8,1
37.6,50.2,49.3,38.6,45.2,31.8,37.9,46.8,42.2,2,3.6,12.8,80.2,8,40.9,0
58.4,65.1,59.1,60.9,70.6,63.0,71.8,70.0,64.9,6,14.8,10.6,83.9,2,74.8,1
85.2,62.6,54.6,66.3,44.7,65.9,66.6,52.8,62.3,4,0.4,8.2,63.7,3,75.3,1
74.0,64.0,84.8,73.7,82.0,81.7,70.7,75.0,75.7,2,-1.0,11.3,79.5,0,88.5,2
65.8,58.1,66.2,72.1,73.2,58.3,63.0,59.3,64.5,4,2.5,8.9,82.2,3,73.9,1
53.0,54.5,56.0,83.3,52.7,93.9,79.5,53.2,65.8,5,8.6,9.9,49.4,5,69.3,1
40.1,60.2,51.7,71.7,59.0,48.2,38.2,47.7,52.1,1,-1.2,14.8,66.6,6,49.0,0
55.3,63.3,44.1,67.9,55.6,54.1,50.2,42.5,54.1,1,-3.4,12.8,74.0,6,54.9,0
55.6,48.8,74.9,75.2,60.7,47.1,69.9,75.2,63.4,1,-3.0,13.5,64.2,3,67.4,1
66.4,53.6,55.9,75.0,52.7,57.2,55.0,82.9,62.3,1,-3.6,12.8,66.2,5,59.5,0
53.5,47.2,43.1,56.2,44.7,44.7,48.6,59.8,49.7,2,0.2,11.0,81.8,8,48.9,0
43.4,37.7,53.5,23.9,37.9,52.8,53.8,47.8,43.8,6,10.8,8.4,68.8,8,41.5,0
45.2,34.7,16.3,44.2,46.5,37.9,51.3,35.4,38.9,2,3.5,12.5,67.6,8,35.7,0
42.0,59.2,40.2,59.7,40.0,28.2,42.7,37.0,43.6,1,-0.4,14.8,67.8,8,39.7,0
41.0,41.6,51.6,42.2,45.0,49.6,67.0,40.0,47.2,3,3.1,10.3,73.0,7,50.0,0
60.5,38.4,59.1,58.0,63.0,46.7,65.4,86.2,59.7,15,31.4,7.9,58.1,4,59.2,0
35.6,29.4,28.7,35.8,33.3,38.3,31.0,22.6,31.8,2,2.3,11.7,85.0,8,29.4,0
51.8,38.8,33.1,45.2,39.4,28.7,25.5,31.2,36.7,12,39.4,9.2,73.6,8,35.6,0
51.0,44.4,52.1,42.5,55.6,23.6,38.8,46.4,44.3,1,-2.3,13.5,70.1,8,40.0,0
34.3,45.8,29.9,43.9,38.9,21.1,41.5,40.5,37.0,1,-0.1,15.0,75.4,8,32.0,0
51.2,30.1,42.5,48.4,34.5,19.1,40.1,47.6,39.2,5,4.7,7.5,67.6,8,36.4,0
50.1,34.2,39.5,21.1,32.5,33.4,48.3,38.0,37.1,3,2.9,10.0,72.3,8,36.2,0
61.9,37.6,38.3,46.2,43.8,27.0,62.1,20.1,42.1,6,8.0,7.7,55.3,6,46.2,0
71.2,63.6,71.7,64.8,82.8,62.2,78.9,67.1,70.3,7,10.2,8.7,77.8,0,82.0,2
23.9,61.6,31.5,16.6,35.8,27.2,44.5,35.3,34.6,2,0.7,10.9,58.7,7,36.6,0
68.6,72.8,69.7,62.7,49.9,55.9,73.5,51.8,63.1,4,7.6,10.5,71.6,3,73.7,1
14.6,15.0,21.8,29.2,20.0,24.9,20.0,19.8,20.7,4,6.0,8.3,85.6,8,19.4,0
57.3,33.8,66.5,56.9,37.0,43.5,49.4,49.8,49.3,7,11.2,8.2,67.2,7,50.6,0
74.4,71.8,62.1,79.6,84.1,81.6,85.7,55.9,74.4,2,2.5,13.7,68.0,1,83.5,2
20.5,43.5,15.0,27.9,25.6,10.0,24.3,39.0,25.7,1,-3.4,11.1,66.3,8,20.3,0
49.8,60.5,32.1,43.4,60.0,60.4,52.0,69.1,53.4,3,-0.7,8.6,65.0,4,56.3,0
48.9,69.1,62.0,77.8,71.5,63.4,69.3,85.2,68.4,12,32.7,9.6,67.5,1,76.4,1
54.7,62.6,63.3,78.3,59.0,54.0,66.2,52.4,61.3,1,-1.0,15.0,74.7,4,64.1,1
43.3,43.9,32.3,18.7,27.4,42.8,28.8,35.9,34.1,1,-0.6,14.1,72.9,8,35.0,0
54.5,52.8,58.2,62.2,44.9,52.0,49.9,44.8,52.4,2,-1.6,10.1,81.9,7,53.4,0
74.2,71.7,59.1,48.8,47.6,30.8,49.0,45.9,53.4,6,9.7,8.5,57.0,6,58.1,0
19.5,15.4,47.0,42.7,28.5,33.9,37.4,21.8,30.8,2,1.4,11.1,65.9,8,22.8,0
40.7,47.5,31.3,45.1,52.7,41.9,48.8,72.6,47.6,1,-3.2,12.3,64.1,7,39.6,0
63.6,44.8,50.4,48.7,70.3,58.5,44.5,47.0,53.5,4,7.3,10.1,71.4,6,55.7,0
50.0,62.5,44.7,64.5,48.5,58.9,66.6,45.9,55.2,1,-5.0,11.4,73.4,5,61.1,1
43.7,53.7,54.9,46.5,48.3,53.5,37.4,51.6,48.7,1,-4.3,11.7,82.0,8,50.0,0
32.8,43.8,59.2,52.8,39.1,26.5,41.5,46.4,42.8,2,0.3,10.7,68.7,8,39.8,0
17.6,36.1,15.0,42.6,20.0,17.9,28.1,22.6,25.0,2,-0.9,9.3,70.5,8,20.5,0
63.2,73.3,65.1,50.5,57.8,47.2,56.8,60.0,59.2,2,-0.2,11.3,75.3,4,66.0,1
36.7,80.6,70.5,56.5,61.9,29.4,59.5,70.2,58.2,1,-3.9,12.5,48.1,4,58.7,0
89.5,70.6,58.2,64.6,69.2,80.1,68.7,58.0,69.9,2,-1.4,11.2,68.1,2,85.9,2
15.4,23.2,33.9,35.0,33.9,10.0,21.6,30.3,25.4,6,8.9,7.2,71.9,8,17.9,0
16.6,30.2,38.5,61.0,42.6,41.4,42.4,35.1,38.5,2,-1.3,10.0,62.4,7,34.3,0
63.8,69.7,62.0,42.4,35.6,52.4,59.6,54.6,55.0,4,5.4,10.1,66.0,5,60.1,1
62.2,76.7,61.3,48.2,57.4,56.1,79.3,87.5,66.1,1,-4.8,12.1,59.5,3,70.5,1
75.9,63.6,74.1,76.0,92.5,78.9,58.6,76.4,74.5,1,-3.7,13.6,69.6,1,83.7,2
27.4,38.6,39.4,29.6,29.7,10.6,22.0,15.0,26.5,8,24.4,8.8,69.2,8,24.1,0
73.6,65.6,64.3,53.6,37.6,65.1,48.0,64.4,59.0,2,0.8,12.3,65.0,3,68.6,1
80.6,47.6,52.9,63.2,45.6,60.4,50.7,45.9,55.9,2,2.8,13.3,64.3,5,61.1,1
67.8,67.2,75.7,65.6,83.5,56.9,71.8,73.0,70.2,8,15.9,9.5,76.5,1,81.6,2
40.5,22.9,15.0,28.3,26.2,40.9,44.6,24.2,30.3,5,6.0,7.5,68.7,8,29.4,0
54.2,37.1,36.5,63.9,20.0,60.1,57.7,52.4,47.7,5,6.1,8.2,54.9,6,52.0,0
33.7,72.6,79.8,61.0,76.3,86.7,67.3,88.5,70.7,4,2.4,9.1,47.4,1,74.6,1
51.9,72.4,59.8,57.5,69.4,51.5,63.5,59.8,60.7,1,-1.6,14.7,77.5,5,62.1,1
35.6,71.1,45.6,53.9,43.2,48.3,62.0,43.7,50.4,12,39.9,9.8,65.7,6,54.9,0
72.1,59.9,68.2,80.9,79.5,63.0,79.3,67.7,71.3,9,16.9,8.6,76.1,1,81.1,2
28.6,30.6,35.2,27.3,20.0,31.5,20.0,43.7,29.6,1,-3.5,11.3,76.7,8,26.4,0
36.5,27.1,49.6,27.7,26.7,53.5,38.9,39.5,37.4,6,13.7,8.7,69.4,8,37.1,0
54.1,59.1,52.3,66.0,53.3,58.4,49.1,56.2,56.1,2,-0.4,11.2,84.5,7,57.8,0
51.7,39.1,49.1,65.7,35.6,55.6,51.0,29.6,47.2,5,9.3,9.6,64.9,7,47.9,0
64.1,53.0,61.2,79.4,68.8,42.1,71.5,63.7,63.0,1,-2.4,14.1,65.7,2,69.5,1
51.1,66.0,68.3,56.3,61.5,78.6,50.1,65.4,62.2,3,0.1,9.2,71.5,3,69.4,1
53.8,29.7,45.8,52.4,40.4,33.1,41.3,56.5,44.1,1,-2.7,12.9,70.7,8,38.7,0
60.9,81.1,98.7,83.4,81.0,28.4,58.6,89.1,72.6,3,2.2,11.0,33.1,2,73.2,1
41.2,44.5,49.0,54.2,35.1,13.4,55.7,42.9,42.0,1,-0.3,15.0,59.9,8,35.8,0
50.5,29.3,70.6,67.5,56.4,48.4,40.7,44.6,51.0,3,5.1,11.1,59.0,6,55.7,0
77.1,53.9,69.3,88.6,84.8,54.7,75.0,79.3,72.8,4,5.4,10.9,61.5,2,78.7,2
18.5,50.0,16.6,59.1,25.6,29.4,45.3,41.4,35.7,8,9.6,6.2,53.6,8,29.6,0
57.2,31.3,49.9,64.0,55.4,24.5,44.6,48.1,46.9,1,-2.6,13.3,60.3,7,43.5,0
53.6,60.8,73.9,35.9,52.0,58.2,69.0,66.8,58.8,8,26.7,11.0,64.3,4,62.6,1
39.4,54.9,44.2,45.7,61.1,52.2,61.1,45.4,50.5,2,2.3,12.5,75.8,6,52.5,0
41.1,30.4,36.6,24.0,49.0,41.2,52.7,35.4,38.8,7,9.6,7.3,72.0,8,34.0,0
47.4,53.2,70.3,50.5,62.2,42.2,56.6,71.6,56.8,3,-1.4,8.6,68.3,5,59.0,0
45.0,52.3,54.5,42.3,41.4,53.0,41.6,49.8,47.5,7,12.6,8.1,83.5,8,44.8,0
66.0,74.2,59.9,81.2,78.3,57.0,62.5,79.0,69.8,4,8.2,11.4,71.5,2,76.6,1
18.3,21.7,16.1,22.1,37.2,19.5,20.0,23.3,22.3,3,4.9,9.9,80.7,8,21.6,0
53.9,63.6,69.6,78.5,76.3,46.3,68.6,69.6,65.8,2,2.4,13.0,67.3,2,72.4,1
58.8,47.2,27.8,39.7,41.9,38.2,54.1,34.6,42.8,13,37.7,8.7,69.5,8,46.0,0
64.4,50.4,72.7,56.7,68.5,79.7,65.7,49.2,63.4,6,12.7,9.7,68.0,3,71.5,1
45.8,80.4,74.0,50.2,80.6,59.0,39.1,77.5,63.3,2,-1.6,10.9,49.5,4,60.6,1
53.7,47.0,16.5,63.8,41.2,20.9,41.7,42.9,41.0,1,-4.6,11.2,53.0,7,39.1,0
63.8,38.5,57.7,78.8,72.0,38.0,64.8,54.8,58.6,6,13.9,9.9,56.2,4,61.3,1
31.7,34.2,15.0,27.7,28.5,19.8,38.8,16.4,26.5,15,35.8,6.7,74.1,8,31.7,0
42.8,27.4,19.1,15.7,22.6,17.8,35.1,42.8,27.9,2,-1.1,9.6,67.0,8,26.2,0
64.8,62.3,58.0,62.0,57.8,70.9,67.6,86.9,66.3,9,16.6,8.5,71.7,2,72.5,1
59.8,53.8,37.4,56.5,38.4,27.0,46.3,60.0,47.4,1,-0.6,15.0,63.6,7,45.3,0
69.8,67.2,100.0,66.4,75.2,65.5,80.7,69.5,74.3,11,21.5,8.8,65.4,0,88.3,2
69.8,80.6,69.8,90.7,58.4,67.4,58.2,76.4,71.4,5,12.2,10.7,67.1,2,83.2,2
49.1,31.6,63.5,71.8,48.9,32.8,39.7,51.4,48.6,2,2.4,12.4,57.9,6,46.5,0
34.1,52.7,49.3,29.2,64.7,51.4,39.7,45.8,45.9,2,-0.6,10.8,66.1,7,43.6,0
63.1,56.2,51.3,36.9,50.9,44.7,41.8,66.3,51.4,4,8.2,10.5,69.4,6,55.7,0
44.7,48.2,65.8,53.8,44.1,40.9,49.9,44.6,49.0,4,7.2,9.9,76.4,7,47.2,0
32.3,35.4,42.0,24.1,34.2,39.1,21.7,19.2,31.0,9,15.7,7.0,74.9,8,31.4,0
58.5,60.6,70.7,66.3,45.6,30.9,61.9,59.9,56.8,6,8.4,8.8,61.9,4,61.4,1
59.2,55.7,52.3,63.9,70.8,73.6,77.8,70.0,65.4,3,1.5,10.2,72.8,3,72.7,1
77.2,65.9,62.3,73.2,73.1,39.7,61.5,65.4,64.8,10,22.6,9.4,65.3,1,77.6,1
45.0,70.8,59.9,70.8,58.0,66.6,62.2,34.5,58.5,4,6.6,10.2,61.8,4,60.8,1
52.3,66.9,74.7,94.2,69.3,69.4,77.9,88.4,74.1,7,14.5,9.7,60.9,1,81.4,2
36.8,74.5,38.0,56.1,51.3,51.0,47.2,85.9,55.1,7,9.8,7.7,48.8,6,49.7,0
55.9,60.1,55.9,36.8,38.7,68.5,58.2,46.0,52.5,9,13.4,7.3,67.0,6,59.4,0
72.8,46.0,59.0,75.9,74.9,83.1,74.4,66.8,69.1,1,-3.3,13.8,65.0,2,80.0,2
81.7,78.8,67.8,60.6,62.6,72.3,77.6,52.0,69.2,4,5.3,10.3,69.1,1,81.5,2
66.2,67.2,49.1,92.8,67.6,55.6,57.5,56.9,64.1,3,1.4,10.3,60.1,4,67.5,1
40.1,16.8,47.4,41.9,20.5,22.0,48.7,15.0,31.6,3,0.7,8.2,57.2,8,23.6,0
50.1,73.9,54.6,64.3,63.6,63.9,73.7,42.9,60.9,3,2.2,10.3,67.2,3,69.5,1
66.2,67.3,62.2,79.4,71.9,70.0,50.5,71.1,67.3,7,9.1,8.5,74.7,1,77.5,1
65.6,60.6,51.2,65.0,52.8,62.6,78.3,46.4,60.3,2,-0.2,11.7,69.8,3,69.1,1
64.3,71.1,50.6,82.4,75.9,58.1,61.5,48.3,64.0,3,0.6,9.9,64.3,3,70.5,1
70.7,86.8,77.8,65.5,68.7,59.8,89.4,75.7,74.3,1,-2.0,14.9,69.4,1,79.7,2
26.5,40.0,50.1,51.8,34.0,13.7,47.1,30.4,36.7,2,1.5,11.4,60.7,8,31.8,0
31.6,52.5,61.8,72.6,59.1,54.3,40.4,55.3,53.4,4,6.4,9.9,62.1,6,54.3,0
82.1,67.4,90.2,63.2,85.5,63.8,81.8,70.0,75.5,1,-4.0,13.2,68.3,0,86.7,2
73.0,80.0,87.1,71.1,62.4,56.1,61.0,64.4,69.4,1,-3.9,12.9,68.7,1,77.2,1
14.7,25.8,35.5,31.0,23.9,10.0,27.0,32.8,25.1,3,5.8,10.2,73.6,8,20.7,0
27.5,22.8,18.8,15.0,30.5,22.1,23.0,17.7,22.2,1,-4.4,10.4,84.8,8,22.2,0
45.9,45.5,50.4,31.5,61.0,23.7,41.1,56.9,44.5,1,-3.0,12.8,62.9,7,40.7,0
71.7,70.9,31.2,47.2,59.7,46.1,46.0,53.5,53.3,7,8.8,7.9,58.9,6,55.2,0
29.3,43.7,53.3,46.0,50.3,51.4,47.7,35.7,44.7,7,10.3,7.6,75.2,8,45.4,0
49.4,63.6,53.0,57.6,42.2,46.4,56.1,38.4,50.8,2,-0.4,10.9,74.9,7,48.4,0
40.6,39.6,63.0,40.2,28.5,37.1,41.9,23.9,39.3,2,1.0,11.4,65.5,7,43.8,0
58.2,65.4,47.3,82.1,62.2,40.0,49.3,41.5,55.8,10,14.4,7.2,57.7,5,59.0,0
41.5,27.7,31.2,39.9,20.0,13.3,20.0,15.0,26.1,1,-3.2,11.5,67.6,8,26.7,0
65.4,57.2,54.2,72.7,57.9,81.8,57.1,54.8,62.6,4,3.5,9.6,70.3,5,68.4,1
64.5,55.9,54.3,50.9,62.4,60.6,63.8,65.7,59.8,4,9.5,11.2,83.8,3,67.1,1
61.7,40.3,43.4,64.6,62.3,50.2,43.0,63.3,53.6,6,5.9,8.1,68.8,4,61.2,1
40.5,21.6,45.6,45.1,30.6,23.5,36.9,24.2,33.5,11,19.7,6.3,70.5,8,32.9,0
58.3,33.3,62.3,62.6,36.9,47.5,49.1,41.4,48.9,2,2.0,12.3,66.0,6,50.6,0
72.6,99.1,69.8,87.6,67.7,74.3,83.4,75.1,78.7,3,4.4,12.1,68.3,0,92.7,2
45.9,34.9,54.2,48.0,67.5,45.0,57.5,51.5,50.6,4,6.3,9.8,71.1,7,48.9,0
74.1,97.5,68.0,61.3,61.9,36.0,70.7,54.7,65.5,12,19.6,7.8,47.6,2,71.2,1
48.4,63.2,48.9,38.5,54.7,49.8,53.2,62.1,52.4,8,21.2,9.7,76.1,6,52.1,0
43.6,37.3,43.6,50.2,44.2,35.7,52.6,38.1,43.2,4,4.2,8.6,81.9,8,41.3,0
79.9,93.3,77.2,62.9,73.6,100.0,68.8,87.0,80.3,7,7.2,8.7,62.6,0,93.5,2
68.0,57.4,74.9,63.5,77.4,94.3,77.6,63.1,72.0,1,-3.3,13.3,65.2,1,81.0,2
77.6,64.4,75.6,73.0,79.8,79.8,70.0,61.9,72.8,2,2.8,14.2,79.6,0,86.1,2
30.2,41.2,68.2,43.6,36.7,25.1,35.4,54.9,41.9,1,-0.4,14.7,58.4,7,34.0,0
46.0,42.5,33.2,50.6,44.1,39.0,47.0,33.6,42.0,1,-3.6,11.6,81.2,8,37.8,0
68.4,80.4,66.3,83.1,74.9,34.6,89.0,61.0,69.7,4,2.2,9.0,49.2,1,75.9,1
60.6,67.7,67.3,70.7,81.2,47.2,64.0,68.2,65.9,8,14.9,8.6,71.2,1,77.2,1
58.8,49.2,63.9,44.8,49.8,25.2,40.9,40.1,46.6,4,3.0,8.8,64.2,7,45.3,0
47.1,83.2,67.4,66.7,89.3,67.5,76.9,48.1,68.3,4,5.8,10.4,54.8,2,77.2,1
73.8,63.0,55.2,38.7,55.6,26.6,48.9,55.8,52.2,1,-0.5,15.0,56.7,6,51.7,0
38.6,43.1,41.6,32.1,55.8,30.4,27.9,52.9,40.3,4,7.6,9.7,69.4,8,39.9,0
12.8,51.5,28.1,45.0,46.8,32.0,38.6,40.7,36.9,3,3.8,9.9,62.9,8,30.2,0
74.1,84.8,46.9,47.5,53.7,52.9,47.5,69.5,59.6,4,6.7,10.4,56.5,5,64.7,1
28.2,33.1,46.7,33.7,29.5,26.8,39.3,22.9,32.5,2,0.2,10.6,77.3,8,29.7,0
87.3,65.4,91.9,60.1,56.9,71.3,67.0,70.0,71.2,4,8.1,11.6,63.0,1,85.4,2
66.8,59.9,45.2,73.9,45.5,40.6,46.7,57.3,54.5,2,0.6,12.2,64.5,6,57.1,0
50.0,54.7,50.8,63.9,62.9,85.7,53.5,80.9,62.8,3,2.5,10.9,59.0,4,65.6,1
79.1,83.0,57.5,46.4,88.8,53.2,71.4,81.4,70.1,1,-2.0,15.0,52.9,3,74.9,1
62.6,43.7,69.4,82.1,55.7,54.4,66.3,72.8,63.4,2,-1.1,10.9,64.0,3,66.4,1
58.9,60.6,56.1,60.0,38.9,49.1,58.1,38.3,52.5,2,-0.4,10.6,72.2,6,58.0,0
40.7,29.0,24.0,15.0,42.1,40.5,48.8,21.8,32.7,5,7.8,8.2,64.3,8,32.1,0
42.5,73.5,83.8,67.6,49.1,62.1,43.1,73.5,61.9,5,5.9,8.7,53.7,3,65.9,1
49.4,15.0,33.8,59.5,56.4,11.3,35.3,38.5,37.4,9,28.7,9.4,47.0,8,35.1,0
33.3,35.9,56.6,38.1,36.3,21.5,32.4,51.9,38.2,4,11.2,11.0,66.6,8,33.5,0
56.5,23.5,46.7,40.2,45.8,34.1,34.8,36.0,39.7,2,0.0,10.5,70.1,8,43.7,0
60.3,80.4,52.6,60.5,62.9,64.3,79.8,90.9,69.0,6,8.7,8.9,60.8,1,79.8,2
46.3,68.7,44.2,57.0,49.5,61.3,51.0,63.4,55.2,3,4.8,11.0,73.7,5,57.3,0
43.1,28.5,42.7,67.4,64.7,40.1,62.3,51.3,50.0,1,-3.2,12.9,58.7,5,52.7,0
31.9,49.3,22.8,24.7,40.8,21.4,60.2,39.0,36.3,5,14.2,10.3,58.8,7,37.3,0
35.0,57.6,41.8,36.8,59.7,31.9,28.9,45.1,42.1,1,-1.8,13.7,65.8,8,35.4,0
80.4,70.7,51.3,67.6,58.8,90.7,62.7,52.5,66.8,1,-0.8,15.0,59.2,3,77.6,1
13.2,37.8,28.7,36.3,20.0,47.4,34.8,24.6,30.4,5,5.0,7.1,67.2,8,26.7,0
74.5,71.5,87.6,70.3,47.7,55.5,68.7,58.1,66.7,6,16.1,10.8,62.5,3,76.2,1
81.7,82.0,79.2,68.8,84.5,81.9,83.6,74.2,79.5,6,6.0,8.5,83.9,0,96.2,2
80.1,52.5,56.4,52.3,72.9,48.7,60.8,53.7,59.7,2,-0.7,11.3,66.7,5,65.6,1
41.5,55.9,34.2,55.8,38.9,50.1,43.3,39.9,45.0,8,16.5,8.0,75.8,8,40.4,0
41.1,57.0,48.7,38.5,56.8,28.4,46.5,49.3,45.8,5,4.6,8.2,71.3,8,39.7,0
37.9,43.4,65.8,35.7,51.3,40.8,50.8,41.6,45.9,7,21.9,9.9,70.8,7,44.4,0
56.2,56.8,36.5,50.7,47.7,58.2,50.1,67.2,52.9,5,7.6,8.9,73.1,7,57.5,0
59.3,45.5,58.2,65.2,41.1,47.5,73.2,71.6,57.7,4,3.7,9.2,63.8,5,60.4,1
64.7,44.3,65.6,57.0,43.2,62.4,75.4,44.6,57.2,1,-3.5,13.0,64.1,4,63.1,1
78.2,61.4,76.0,71.9,51.2,47.2,50.0,61.1,62.1,5,5.0,8.7,63.6,3,70.6,1
52.0,63.5,41.6,62.9,46.5,44.5,61.0,41.9,51.7,5,11.2,9.7,71.6,5,55.1,0
42.7,29.1,29.7,34.3,31.5,29.4,49.9,33.3,35.0,2,-0.6,10.3,77.6,8,31.0,0
51.3,76.0,75.9,77.9,84.0,76.9,73.3,98.9,76.8,5,11.1,11.1,60.7,1,84.8,2
52.3,54.8,77.1,65.2,49.3,37.3,71.1,55.4,57.8,3,0.7,9.7,61.8,5,62.0,1
66.7,62.8,67.3,66.6,64.8,49.5,67.8,65.7,63.9,3,2.5,11.0,82.0,1,76.6,1
43.8,73.8,56.8,42.6,49.6,78.4,82.3,88.4,64.5,2,1.9,13.1,45.1,4,63.2,1
16.7,40.5,32.9,37.6,26.3,10.0,30.9,42.8,29.7,1,-4.5,10.6,65.5,8,22.2,0
68.4,63.6,51.2,77.1,71.9,54.8,81.8,65.9,66.8,1,-0.4,15.0,68.9,2,75.2,1
51.2,69.1,50.1,67.7,63.7,44.9,46.9,61.9,56.9,6,8.4,8.3,70.9,4,61.0,1
82.7,81.7,89.5,71.4,78.0,73.1,81.0,73.2,78.8,2,1.2,13.1,81.7,0,92.2,2
43.2,44.5,56.7,38.6,53.6,34.2,54.9,44.1,46.2,1,-4.2,11.6,75.8,8,41.3,0
90.5,91.4,83.9,73.8,97.6,62.0,92.5,76.9,83.6,15,37.4,9.8,64.4,0,98.0,2
51.1,79.7,76.0,17.9,60.4,67.2,62.5,27.1,55.2,1,-4.7,11.7,33.5,3,60.4,1
50.8,60.0,73.6,46.3,41.8,59.7,43.3,33.6,51.1,4,2.2,8.3,61.9,6,50.0,0
72.4,60.1,74.3,100.0,71.3,54.4,71.2,53.5,69.6,10,10.5,7.1,55.6,2,78.7,2
53.4,37.4,19.3,54.7,51.2,10.0,28.3,41.7,37.0,4,11.1,10.8,50.4,8,31.3,0
29.5,39.1,15.0,25.3,33.2,36.4,35.6,38.4,31.6,6,8.5,7.5,75.6,8,31.6,0
68.8,75.2,83.0,60.3,72.9,62.3,63.3,79.9,70.7,14,27.4,8.0,74.7,0,83.0,2
71.1,64.3,63.3,54.3,66.3,44.8,59.6,46.2,58.7,7,17.0,9.8,71.5,4,67.5,1
20.2,60.2,58.2,58.0,34.4,10.0,20.1,59.8,40.1,3,3.8,10.0,36.3,7,34.1,0
100.0,74.0,58.8,100.0,85.6,63.9,77.8,95.9,82.0,2,2.3,13.7,52.0,1,90.9,2
77.1,44.9,60.6,64.3,59.4,66.8,62.9,63.3,62.4,3,3.1,10.9,73.3,2,71.8,1
10.0,32.5,41.9,34.5,33.2,38.1,20.0,20.9,28.9,7,20.7,9.1,67.7,8,26.5,0
72.5,64.0,58.6,74.7,65.9,60.0,72.7,60.2,66.1,7,11.2,8.9,80.7,1,83.7,2
58.9,50.0,77.3,65.5,66.4,49.8,75.1,67.9,63.9,7,10.4,8.6,69.1,3,70.7,1
65.7,63.4,68.2,73.8,80.1,73.1,75.0,92.8,74.0,4,9.1,11.8,72.1,0,83.0,2
55.9,49.1,52.3,53.5,32.7,30.3,60.2,50.9,48.1,3,4.2,10.8,67.7,7,47.5,0
60.0,61.5,33.7,55.2,54.1,23.5,42.7,29.0,45.0,2,-1.9,9.9,55.7,6,46.8,0
54.6,44.9,63.0,34.6,67.6,52.5,59.0,83.0,57.4,1,-3.5,12.9,56.2,5,53.8,0
29.0,40.2,62.0,30.8,29.3,52.6,35.2,30.6,38.7,6,12.3,8.4,63.1,7,39.1,0
57.3,78.6,57.7,38.5,53.0,69.4,55.0,70.6,60.0,2,-0.4,11.0,62.6,5,62.2,1
58.3,50.9,42.2,61.6,42.1,27.5,28.6,59.3,46.3,2,0.1,11.2,59.7,7,46.0,0
42.0,53.1,70.9,44.8,46.5,42.2,45.6,52.5,49.7,7,16.3,9.4,71.5,7,44.2,0
82.2,70.4,52.0,41.5,64.5,88.9,72.5,73.1,68.1,1,-4.7,11.9,53.9,2,78.8,2
31.1,46.3,60.4,17.7,65.6,25.2,31.1,30.8,38.5,10,34.4,9.7,48.7,6,38.5,0
91.2,95.6,62.9,84.3,86.4,93.5,78.8,75.5,83.5,1,-0.4,15.0,67.5,0,95.1,2
76.7,70.1,73.6,58.7,63.0,77.1,72.1,64.5,69.5,10,28.2,10.2,79.8,1,82.4,2
67.2,68.7,78.0,58.6,68.1,70.1,47.5,57.6,64.5,3,3.9,11.1,71.8,3,71.3,1
21.3,38.8,20.0,52.4,35.3,19.7,44.4,36.5,33.6,1,-4.6,10.5,63.6,8,26.5,0
50.4,68.0,71.2,75.5,54.0,57.5,72.1,77.2,65.7,4,4.2,10.0,69.2,3,72.0,1
43.0,43.6,57.8,38.4,40.6,26.0,35.0,25.2,38.7,8,12.5,7.3,68.6,8,36.5,0
83.1,83.4,54.6,66.5,81.9,85.2,91.5,76.1,77.8,3,1.6,11.2,64.4,1,91.7,2
35.7,35.1,58.9,54.4,48.9,19.3,44.7,43.4,42.6,5,4.9,8.0,62.5,8,37.5,0
52.5,38.9,41.3,41.8,41.7,34.9,42.3,49.2,42.8,14,45.0,8.9,83.3,8,48.3,0
51.4,69.8,69.6,60.7,54.0,69.4,66.8,35.6,59.7,1,-4.4,11.8,63.7,3,64.8,1
34.6,57.3,35.0,15.0,35.5,48.0,39.2,53.4,39.8,6,19.6,10.7,60.1,8,39.1,0
55.0,43.1,31.8,64.2,45.2,57.0,59.9,34.9,48.9,2,-3.4,9.0,64.3,7,51.3,0
46.7,41.0,33.8,19.2,37.3,12.3,36.1,43.1,33.7,2,2.3,12.0,64.3,8,32.9,0
52.6,72.9,54.1,55.3,73.1,40.7,62.8,74.6,60.8,2,-0.1,11.6,63.5,4,62.4,1
74.5,65.7,57.0,78.3,53.1,69.9,63.7,45.1,63.4,3,7.5,12.7,66.5,3,72.4,1
60.2,44.1,29.0,15.0,31.5,31.7,29.8,37.2,34.8,1,-2.2,12.9,60.7,7,32.7,0
53.8,73.6,42.1,65.6,63.6,45.0,57.9,64.5,58.3,2,0.1,12.0,67.7,4,61.5,1
45.9,52.0,47.4,46.0,64.5,51.8,53.2,36.9,49.7,3,3.2,10.2,76.3,7,48.7,0
41.6,37.6,41.4,39.5,44.8,26.3,48.9,23.7,38.0,4,4.9,8.7,73.9,8,35.6,0
83.2,43.9,53.5,61.3,46.9,85.4,62.9,47.5,60.6,4,8.5,10.9,51.7,4,69.6,1
46.2,63.8,58.5,56.0,59.4,57.5,61.7,45.5,56.1,4,4.6,9.4,79.8,6,55.1,0
10.0,20.8,23.9,15.0,20.0,10.0,20.0,19.7,17.4,2,-0.2,9.6,84.5,8,12.5,0
69.1,62.6,62.4,80.5,83.1,83.9,89.0,74.6,75.6,11,14.0,7.9,69.7,0,88.6,2
58.8,39.7,41.2,45.7,58.3,62.1,48.1,49.8,50.5,2,1.0,11.4,74.8,7,49.1,0
42.8,62.0,52.9,51.7,32.2,45.8,60.6,61.4,51.2,1,-0.4,15.0,68.5,5,51.6,0
41.9,32.3,49.5,80.3,42.5,35.8,53.7,34.1,46.3,3,5.4,11.4,53.2,7,40.9,0
66.9,53.7,45.7,81.6,66.0,57.8,71.2,61.0,63.0,5,1.7,7.8,66.9,3,70.1,1
70.4,69.0,80.7,90.3,63.0,50.8,63.0,55.1,67.8,1,-4.3,12.5,61.2,2,76.2,1
72.8,76.5,48.1,64.9,62.5,49.9,67.9,47.0,61.2,2,0.6,11.9,65.5,3,72.6,1
20.6,32.9,15.0,46.5,20.0,10.0,20.0,15.0,22.5,7,13.1,7.0,64.8,8,21.9,0
34.6,50.1,33.5,23.2,20.0,40.7,28.2,15.0,30.7,3,2.6,9.2,65.6,8,31.3,0
61.9,66.4,58.9,58.7,69.7,40.2,57.2,56.9,58.7,2,1.7,12.8,73.8,5,58.6,0
37.1,51.8,60.2,46.3,39.9,55.7,88.5,57.8,54.7,10,22.9,8.5,52.1,6,53.2,0
52.9,65.8,65.8,49.7,57.8,45.1,62.6,60.2,57.5,1,-1.5,14.5,77.2,4,61.9,1
62.7,53.1,70.3,62.8,57.7,58.4,52.1,49.3,58.3,4,10.4,11.8,79.4,5,64.3,1
57.0,52.6,62.0,65.3,86.7,49.0,49.7,48.5,58.8,2,0.8,12.2,61.5,5,63.9,1
49.3,56.2,74.0,73.5,67.2,63.4,51.9,70.8,63.3,1,-2.9,13.9,70.8,3,68.8,1
39.0,65.9,34.1,76.4,56.6,53.1,41.9,47.8,51.8,1,-3.0,13.0,57.4,6,50.3,0
51.2,43.9,65.1,33.0,57.7,41.3,43.9,62.7,49.8,4,6.9,10.1,66.3,6,52.2,0
62.0,63.2,46.3,36.4,54.7,21.2,41.7,37.9,45.4,1,-4.0,12.1,57.4,6,44.3,0
79.0,61.6,82.3,27.6,58.9,57.2,55.1,36.6,57.3,4,8.0,10.8,44.2,5,64.2,1
65.6,80.7,80.6,56.7,58.2,65.9,77.4,74.9,70.0,11,29.3,9.6,71.0,2,78.1,2
49.7,47.3,55.8,53.2,57.6,32.0,57.2,35.8,48.6,6,9.0,8.7,70.7,8,46.6,0
74.3,72.3,77.7,68.6,60.2,56.3,87.5,60.8,69.7,2,1.8,13.6,68.8,1,79.1,2
36.6,55.6,63.8,35.7,54.5,39.1,39.1,41.6,45.8,1,-2.0,13.8,68.2,7,41.8,0
91.1,77.2,53.1,81.5,100.0,40.5,79.6,77.6,75.1,3,3.5,11.9,42.0,2,80.9,2
60.8,15.0,34.4,32.6,37.5,41.5,25.8,43.3,36.4,2,-2.4,9.0,59.9,7,35.9,0
36.3,31.1,65.7,34.9,48.6,33.1,49.5,33.1,41.5,13,37.1,8.6,63.9,7,40.3,0
10.1,15.0,36.4,29.8,20.0,26.2,22.3,41.5,25.2,15,21.3,5.0,68.4,8,20.1,0
47.5,25.9,26.5,30.4,27.9,16.9,53.2,18.1,30.8,2,-2.8,8.7,61.0,8,28.3,0
68.3,72.9,67.8,79.7,73.8,85.8,58.9,60.0,70.9,1,-2.1,14.4,72.5,1,81.3,2
58.1,59.0,42.4,52.9,40.0,28.4,44.4,64.3,48.7,9,28.8,10.2,64.2,7,51.0,0
85.5,69.1,61.7,61.8,59.5,52.3,70.6,76.9,67.2,6,11.7,9.8,68.3,2,79.4,2
36.5,76.3,57.0,57.3,59.0,64.0,51.8,17.7,52.4,3,3.6,10.6,46.3,6,51.4,0
14.6,46.3,38.9,15.0,40.1,12.1,36.3,64.9,33.5,2,1.5,11.1,44.7,7,25.5,0
47.4,59.6,58.5,66.4,48.7,45.4,49.3,45.9,52.6,3,1.6,9.6,76.7,7,52.9,0
74.8,58.2,87.8,83.6,75.5,74.7,74.1,77.0,75.7,9,21.4,9.8,74.2,1,85.9,2
45.9,52.2,36.1,41.1,51.8,23.7,44.0,46.5,42.7,1,-0.5,15.0,72.1,8,37.4,0
85.3,60.3,56.1,41.9,43.9,40.4,53.9,81.6,57.9,6,6.0,7.8,48.2,5,59.1,0
57.4,57.5,50.6,48.3,60.7,57.1,46.8,76.6,56.9,1,-3.1,13.3,71.9,6,56.9,0
15.8,43.5,19.6,15.0,25.6,26.7,34.0,49.1,28.7,9,11.8,5.6,62.2,8,21.9,0
51.9,52.4,41.7,29.6,50.0,33.6,63.7,56.5,47.4,3,3.0,10.2,65.3,7,46.6,0
65.4,41.5,59.9,36.0,35.0,73.8,63.9,65.0,55.1,1,-3.8,12.4,54.6,4,55.5,0
38.4,37.7,60.3,15.0,63.0,48.9,43.1,35.1,42.7,1,-2.4,13.3,54.3,6,41.7,0
45.7,74.0,61.2,44.2,37.0,53.3,41.6,44.8,50.2,3,-0.2,8.7,63.7,6,51.7,0
79.5,63.7,53.6,65.6,68.5,70.2,73.7,78.3,69.1,1,-4.6,12.3,74.8,1,80.3,2
45.1,15.0,32.4,51.9,36.4,10.0,22.9,37.3,31.4,4,11.4,10.8,56.7,8,31.8,0
78.4,69.7,61.0,87.8,71.4,65.8,88.6,76.6,74.9,2,2.5,13.8,70.4,0,85.2,2
100.0,55.8,60.2,65.0,78.0,66.8,53.0,65.6,68.0,1,-1.5,15.0,55.1,2,79.6,2
95.1,82.1,62.5,67.7,63.8,60.0,68.2,85.0,73.0,3,6.2,12.7,62.0,0,88.2,2
10.0,15.0,28.9,40.7,45.1,23.6,20.0,38.0,27.7,3,3.9,9.3,62.0,8,21.6,0
23.1,29.6,50.3,39.4,41.3,10.0,56.2,56.5,38.3,3,4.7,10.7,50.5,8,29.3,0
79.5,70.7,77.0,71.8,79.2,64.1,82.0,73.2,74.7,3,3.5,11.4,82.4,0,89.9,2
83.8,80.4,73.8,59.4,56.7,55.8,74.2,67.3,68.9,4,4.9,10.1,67.6,3,77.2,1
64.6,67.3,56.4,67.6,74.7,30.3,87.6,80.6,66.1,3,7.0,12.8,47.8,2,69.8,1
42.4,36.0,63.0,50.9,41.7,49.2,49.0,60.1,49.0,1,-0.2,15.0,72.5,6,47.0,0
44.1,57.2,63.7,50.4,40.4,31.6,61.0,43.5,49.0,1,-2.4,13.6,66.8,6,47.7,0
41.0,51.1,50.1,69.8,44.8,43.8,39.8,59.1,49.9,1,-1.7,14.3,69.5,7,47.1,0
51.4,52.1,34.3,28.8,29.9,30.4,34.7,46.5,38.5,5,8.0,8.4,70.5,8,38.7,0
52.1,67.2,48.7,58.9,58.1,24.7,58.5,48.7,52.1,3,3.4,10.7,62.1,7,51.6,0
57.7,49.5,38.7,78.3,83.3,24.1,45.7,65.2,55.3,2,-2.3,9.9,40.2,5,56.5,0
24.2,56.2,54.7,51.7,74.0,48.9,49.1,55.2,51.8,6,8.8,8.1,59.1,7,46.0,0
89.1,80.5,85.7,65.8,74.0,60.1,58.9,71.5,73.2,2,0.3,12.6,66.1,1,87.4,2
59.6,68.9,41.6,58.1,62.6,41.4,58.2,36.6,53.4,3,6.7,12.0,64.7,6,54.6,0
31.8,57.6,33.7,81.1,35.9,43.9,44.2,55.5,48.0,1,-4.1,11.8,50.8,7,42.2,0
64.3,68.2,49.6,62.1,40.5,30.0,54.3,84.8,56.7,5,12.3,10.8,48.9,4,60.2,1
46.7,62.7,48.5,58.5,47.4,36.0,54.5,50.2,50.6,5,8.7,9.1,75.5,7,47.9,0
59.9,66.3,48.1,65.4,71.0,56.6,81.0,72.8,65.1,6,10.1,9.3,69.3,3,71.6,1
31.3,58.5,79.1,69.7,74.2,83.6,76.2,52.0,65.6,8,15.2,8.9,47.9,3,68.3,1
62.8,73.6,82.7,69.3,81.8,50.1,63.9,69.8,69.2,5,7.8,9.9,68.1,1,80.2,2
63.8,57.3,65.0,47.4,57.2,64.7,67.8,58.9,60.3,7,14.1,9.1,80.5,4,69.0,1
75.4,88.9,90.1,85.5,82.8,72.9,81.1,70.6,80.9,2,-1.1,12.0,78.1,0,90.7,2
79.6,83.2,81.4,65.0,90.6,57.3,95.3,86.8,79.9,2,-0.0,12.6,61.7,1,90.5,2
76.5,64.1,64.0,55.1,70.9,43.4,61.7,63.5,62.4,11,23.0,8.2,70.2,2,72.7,1
79.3,67.3,63.2,100.0,71.3,83.5,67.1,76.0,76.0,9,23.4,10.5,64.5,0,89.4,2
32.8,64.7,74.5,57.7,60.4,62.6,56.4,57.9,58.4,3,0.6,9.5,64.6,4,60.7,1
39.1,28.9,36.3,31.3,48.4,29.7,33.3,66.7,39.2,2,-0.7,10.3,61.8,7,37.3,0
35.6,46.9,34.1,40.1,36.5,35.7,26.7,27.9,35.4,7,11.0,7.2,80.8,8,33.9,0
57.3,78.6,96.4,59.9,61.2,45.3,65.1,53.4,64.6,2,0.6,12.3,52.1,4,67.1,1
73.4,69.4,61.5,66.1,65.0,55.1,68.5,50.7,63.7,1,-3.9,12.8,77.2,2,75.6,1
55.3,76.9,80.8,57.0,78.4,58.9,83.4,75.5,70.8,4,3.9,10.0,65.2,3,73.4,1
66.1,66.1,73.3,77.8,60.4,73.4,63.7,37.0,64.7,1,-4.4,12.5,62.3,1,69.9,1
16.6,29.6,19.6,38.5,23.0,37.3,46.5,29.2,30.0,2,-1.8,9.3,69.3,8,26.5,0
39.1,44.1,31.4,31.5,63.8,28.7,25.9,31.7,37.0,6,5.6,7.1,63.3,7,37.8,0
71.3,85.6,86.8,67.7,65.0,47.9,55.4,62.1,67.7,2,2.0,12.9,59.5,2,72.8,1
82.7,87.3,89.9,100.0,94.0,74.8,100.0,83.2,89.0,10,32.0,11.4,73.6,0,100.0,2
81.9,69.9,82.6,72.6,86.7,72.9,74.9,87.8,78.7,11,16.6,8.5,79.3,0,91.6,2
64.6,46.4,57.3,74.2,75.1,53.4,77.9,71.6,65.1,6,6.7,8.4,65.4,3,70.2,1
50.1,34.8,53.4,56.0,50.5,39.1,49.5,63.3,49.6,15,42.7,8.6,72.9,7,45.8,0
48.1,37.4,45.7,47.2,46.2,55.0,39.3,36.3,44.4,3,3.0,9.7,81.1,8,41.9,0
56.4,63.4,51.2,61.1,37.4,36.6,57.8,40.5,50.6,3,2.0,9.7,67.4,6,54.2,0
57.2,30.7,53.9,38.7,23.1,40.2,48.4,51.1,42.9,7,13.8,8.1,64.4,8,41.4,0
82.3,96.3,68.5,81.1,75.7,100.0,95.3,59.8,82.4,3,5.8,12.9,57.4,1,97.9,2
23.8,47.4,32.5,46.8,30.0,27.4,41.7,53.5,37.9,2,3.4,12.9,67.4,8,33.5,0
57.8,54.3,60.5,37.9,26.9,45.2,49.5,49.7,47.7,4,2.8,8.4,67.0,7,46.4,0
94.5,83.8,100.0,83.3,81.5,73.1,77.4,83.1,84.6,4,3.9,10.3,73.9,0,100.0,2
56.6,35.8,38.9,25.6,20.0,24.3,20.0,32.7,31.7,5,3.6,6.6,63.2,8,34.5,0
83.2,62.1,80.8,89.6,75.5,59.2,68.6,67.3,73.3,4,6.1,10.5,67.9,1,84.8,2
40.6,22.3,46.1,41.4,61.4,29.3,45.3,49.1,41.9,5,3.8,7.6,64.1,7,39.1,0
61.0,53.4,61.8,42.2,44.7,57.5,40.9,45.5,50.9,4,0.6,8.1,74.4,6,55.9,0
73.0,66.9,78.1,89.9,79.3,42.1,88.8,67.9,73.2,3,2.3,11.1,54.5,1,80.9,2
36.5,46.5,41.5,33.7,60.5,62.2,43.1,63.4,48.4,1,-4.8,10.9,64.2,5,43.9,0
42.1,47.5,61.1,29.5,39.3,62.9,36.8,52.1,46.4,6,10.8,8.4,64.8,6,48.9,0
46.5,30.2,45.9,39.0,37.9,23.4,34.3,44.9,37.8,1,-4.4,10.8,75.5,8,36.4,0
48.6,87.8,62.2,84.9,91.9,75.0,63.7,63.3,72.2,15,45.0,9.7,54.6,1,85.4,2
30.8,37.4,23.8,54.3,26.6,34.3,45.2,44.4,37.1,7,9.4,7.3,69.0,8,31.0,0
94.3,55.5,77.5,71.0,69.6,71.0,95.1,85.3,77.4,4,7.0,11.4,59.5,1,86.5,2
64.7,50.1,33.9,50.5,53.4,32.8,51.8,62.3,49.9,12,28.5,8.0,65.4,6,51.8,0
56.3,78.2,64.0,60.6,86.2,68.7,60.4,62.3,67.1,4,4.9,9.9,69.5,1,77.2,1
50.6,36.1,19.4,55.3,24.4,19.6,20.4,37.6,32.9,1,-0.5,14.3,57.1,8,31.6,0
68.8,54.3,72.1,52.1,81.8,61.9,50.8,65.8,63.4,3,2.9,10.5,67.6,3,68.4,1
62.4,69.1,73.2,66.9,67.2,57.9,74.8,76.6,68.5,2,1.2,12.6,81.0,1,79.7,2
21.0,71.9,58.5,53.7,31.0,44.7,50.3,48.2,47.4,2,2.2,12.4,52.7,7,44.3,0
26.5,38.4,59.9,33.0,62.9,20.7,52.6,62.4,44.6,3,3.1,10.1,49.1,6,41.5,0
44.2,53.8,57.1,50.8,48.0,47.4,50.0,35.4,48.3,6,11.0,8.9,80.4,8,47.4,0
48.8,48.8,47.2,39.5,44.8,19.6,30.6,26.9,38.3,3,4.2,10.3,66.4,8,33.5,0
69.3,64.0,77.1,78.5,43.9,54.5,67.1,66.0,65.0,3,2.7,10.6,65.9,2,77.0,1
51.8,55.8,55.7,60.6,50.3,78.4,50.2,63.0,58.2,2,-3.2,9.5,71.9,5,59.5,0
13.9,15.0,26.3,15.8,20.0,10.0,20.0,15.5,17.1,3,-0.5,7.1,85.2,8,14.8,0
62.3,60.6,49.7,61.1,47.0,53.9,51.5,57.4,55.4,1,-0.7,15.0,82.8,5,59.9,0
55.9,65.5,59.3,58.2,59.9,43.3,50.1,53.5,55.7,2,-0.8,11.0,79.7,7,58.2,0
66.0,70.2,90.7,63.7,70.0,42.5,74.1,53.2,66.3,5,6.7,9.3,57.2,2,74.2,1
48.6,73.4,59.1,62.4,44.0,32.7,60.0,48.9,53.6,2,-0.1,11.0,62.2,5,55.6,0
44.2,48.3,62.7,77.1,50.2,77.9,76.3,45.5,60.3,1,-2.4,14.1,55.1,4,62.0,1
27.2,51.2,34.4,19.8,20.0,51.1,40.5,44.4,36.1,2,2.0,11.4,61.7,8,33.6,0
74.6,73.1,73.5,88.0,78.7,52.0,72.8,79.0,74.0,4,9.7,12.2,69.4,1,81.5,2
73.5,61.6,64.0,71.7,63.0,60.5,69.2,77.1,67.6,6,13.8,10.1,81.6,0,85.9,2
39.6,60.5,45.2,50.2,53.9,31.5,60.7,52.0,49.2,12,35.7,9.1,69.8,6,50.9,0
49.2,57.7,53.3,29.2,62.9,32.4,38.5,46.9,46.3,5,10.7,9.7,64.0,7,47.9,0
66.6,73.7,66.0,63.1,66.0,24.7,62.8,61.4,60.5,2,-3.1,9.7,55.2,1,72.1,1
64.5,82.3,65.8,61.7,70.7,89.0,66.2,57.8,69.8,2,-2.2,10.6,68.2,1,81.2,2
22.5,44.8,46.0,52.6,67.8,54.4,25.2,29.3,42.8,1,-4.9,10.9,52.3,7,36.2,0
86.9,90.6,77.8,82.5,72.3,57.5,79.5,62.5,76.2,4,7.1,11.2,65.5,1,87.2,2
65.8,51.1,50.5,74.7,81.1,54.7,50.5,51.9,60.0,3,-0.6,8.9,63.4,5,61.9,1
55.4,50.7,58.7,40.0,67.4,41.5,63.9,42.4,52.5,4,9.3,11.0,68.4,6,55.7,0
28.8,28.5,39.3,59.2,26.0,38.8,20.5,45.7,35.8,1,-4.3,10.7,62.5,8,31.1,0
55.6,71.6,93.3,87.7,85.2,63.7,81.8,67.9,75.8,2,-0.1,12.3,60.7,1,84.1,2
64.6,57.2,59.1,65.4,53.5,46.6,57.2,60.2,58.0,2,1.3,12.1,81.9,5,59.1,0
74.8,68.0,50.2,82.6,43.0,41.6,40.5,64.1,58.1,6,12.4,9.5,50.9,4,65.2,1
38.6,60.5,51.0,57.3,52.4,54.9,49.4,67.2,53.9,1,-1.3,14.5,74.8,6,53.3,0
44.6,23.9,16.4,45.0,20.0,56.6,31.9,37.8,34.5,4,6.9,9.0,58.1,8,34.6,0
83.7,63.2,78.1,72.0,72.7,58.5,81.7,67.8,72.2,1,-4.9,12.2,73.6,1,77.8,1
43.9,49.4,32.8,69.2,66.0,47.3,58.7,78.3,55.7,3,-0.2,9.1,55.0,5,53.1,0
38.3,45.7,56.1,60.0,41.4,38.2,52.5,28.8,45.1,1,-1.0,14.4,68.6,7,44.6,0
39.4,40.0,69.9,70.7,58.9,53.8,62.3,45.1,55.0,1,-1.4,14.6,62.4,5,52.2,0
44.8,37.3,15.0,27.6,48.2,36.6,51.7,48.8,38.8,1,-0.5,15.0,62.7,8,32.7,0
61.5,52.3,71.5,51.6,65.0,44.6,63.1,57.4,58.4,2,-1.3,10.6,74.2,4,64.2,1
49.1,77.4,76.7,80.2,66.1,59.0,63.3,74.6,68.3,2,-2.8,10.1,67.6,2,73.9,1
49.5,45.0,42.0,53.1,42.3,15.7,35.4,47.4,41.3,7,15.2,8.7,65.1,8,39.9,0
62.4,67.0,40.5,55.0,63.1,41.2,71.2,59.4,57.5,1,-3.5,12.7,66.1,4,60.1,1
83.9,78.6,64.8,81.8,77.8,39.7,85.2,87.5,74.9,1,-3.7,13.5,52.6,1,79.4,2
50.6,41.5,36.7,32.5,24.4,33.6,44.9,47.5,39.0,4,9.7,10.8,73.8,8,41.1,0
25.2,37.0,56.7,52.3,37.1,22.6,46.4,48.9,40.8,5,10.8,9.4,62.7,8,41.7,0
48.0,38.0,44.4,55.6,44.7,53.0,54.0,40.8,47.3,2,0.0,11.1,80.7,8,42.8,0
33.4,57.7,41.6,33.3,31.3,16.0,20.5,22.0,32.0,4,7.5,9.2,60.1,8,32.5,0
96.5,91.6,76.1,75.6,79.5,65.2,77.2,88.9,81.3,6,11.8,10.4,69.4,0,96.4,2
37.5,46.0,39.2,42.8,20.0,10.0,50.9,39.8,35.8,2,0.3,10.7,58.8,8,32.4,0
85.9,66.8,60.5,76.0,66.0,86.2,82.4,82.1,75.7,3,4.6,12.4,70.0,0,89.6,2
20.9,29.2,19.7,30.6,23.2,13.7,35.8,24.8,24.7,1,-3.5,11.6,79.1,8,25.7,0
42.3,46.7,71.7,80.2,57.2,43.4,69.6,51.5,57.8,1,-4.4,11.9,57.0,5,54.0,0
43.9,61.8,57.3,39.2,70.4,63.8,60.2,62.8,57.4,14,45.0,9.8,68.4,3,64.3,1
55.5,51.4,63.9,40.6,44.9,65.0,52.2,57.0,53.8,2,-1.1,11.0,74.6,6,56.1,0
91.1,59.8,87.4,76.5,59.9,43.6,68.7,55.9,67.9,2,0.5,12.2,51.2,4,74.8,1
48.8,45.0,52.2,38.7,53.5,55.2,48.7,43.7,48.2,13,41.6,9.6,83.4,8,53.2,0
53.9,48.3,47.7,24.8,40.6,28.2,36.1,42.3,40.2,5,6.7,8.6,69.8,8,41.0,0
71.9,66.9,79.2,78.5,66.4,61.4,74.4,61.1,70.0,4,7.8,11.0,78.7,0,84.4,2
50.6,62.2,63.3,80.2,70.4,45.8,62.2,60.3,61.9,5,2.4,8.0,68.0,2,66.8,1
46.9,70.4,56.2,36.3,45.0,32.4,23.0,71.3,47.7,5,11.2,10.1,47.8,6,48.8,0
79.9,81.9,83.4,48.5,75.9,64.9,76.3,83.1,74.2,6,7.4,8.9,64.0,1,83.9,2
59.9,47.3,54.8,39.8,54.0,38.7,58.1,58.5,51.4,1,-4.1,12.1,74.7,8,49.0,0
30.2,59.0,63.7,46.0,43.1,76.6,74.4,76.8,58.7,2,-0.7,10.9,47.7,4,57.0,0
73.6,59.6,64.4,91.3,65.3,50.6,67.6,64.9,67.2,2,-1.4,11.1,64.7,2,73.1,1
64.1,67.0,81.6,64.7,75.5,46.3,82.7,76.1,69.8,1,-2.3,14.5,64.3,1,79.3,2
39.0,52.1,50.9,57.8,59.9,27.9,52.1,49.8,48.7,2,-1.0,10.3,68.7,8,41.9,0
46.9,51.1,40.2,53.4,59.1,37.5,36.5,48.4,46.6,4,4.2,8.7,76.0,8,43.7,0
85.9,61.9,67.8,84.6,62.2,61.8,72.3,58.4,69.4,1,-0.3,15.0,68.0,1,77.6,1
67.4,58.3,39.6,61.3,63.7,66.5,69.4,65.8,61.5,2,3.2,14.0,71.5,2,70.5,1
83.0,70.6,82.5,68.5,69.5,74.1,63.3,58.9,71.3,4,3.9,9.8,74.7,1,86.2,2
22.0,45.8,25.2,38.6,34.4,11.8,34.3,45.0,32.1,4,8.6,10.1,64.8,8,26.2,0
58.6,51.2,44.1,64.7,69.5,64.3,51.3,57.2,57.6,8,23.4,10.1,74.7,5,60.0,1
20.6,38.3,23.5,46.1,28.8,11.7,26.8,15.0,26.4,6,15.1,8.8,65.6,8,23.3,0
40.4,45.9,16.6,67.7,38.1,38.8,37.1,44.0,41.1,12,30.2,7.8,58.1,7,40.6,0
67.8,64.8,76.1,65.8,78.0,87.7,67.2,73.6,72.6,4,2.1,9.3,76.5,0,84.8,2
64.3,93.2,83.3,81.0,82.1,60.4,80.0,100.0,80.5,5,8.7,10.7,60.5,0,92.7,2
54.1,78.4,58.4,76.1,68.1,46.0,47.1,75.8,63.0,7,18.9,10.4,60.1,4,67.8,1
35.6,79.3,47.2,64.1,58.4,35.1,46.0,68.9,54.3,7,19.2,10.1,52.2,5,55.3,0
29.4,65.5,37.4,69.1,44.1,35.6,42.5,32.1,44.5,5,8.2,8.8,55.3,6,44.7,0
36.8,23.2,39.9,32.5,22.7,45.7,47.7,45.6,36.8,3,4.4,10.0,70.3,8,35.0,0
78.2,91.7,60.6,74.7,98.9,56.6,89.2,78.2,78.5,2,0.0,12.6,55.9,1,86.2,2
72.6,80.2,64.1,87.4,61.0,55.3,61.3,61.2,67.9,8,25.4,11.1,66.8,1,79.4,2
63.4,39.4,24.1,47.5,58.7,50.9,58.0,15.0,44.6,6,12.3,8.7,48.1,7,52.4,0
56.5,66.1,69.0,67.5,63.8,62.3,61.0,75.9,65.3,7,18.2,10.1,82.5,1,76.4,1
40.4,15.0,30.1,34.6,27.5,22.5,21.4,30.4,27.7,1,-5.0,10.3,76.0,8,25.9,0
57.0,36.9,63.2,69.5,62.6,47.6,56.7,55.4,56.1,2,-2.8,9.8,69.8,5,57.8,0
100.0,49.8,82.2,56.5,76.0,73.3,79.0,71.5,73.5,2,0.5,12.3,53.8,2,82.0,2
16.7,58.5,68.3,48.0,70.5,69.4,42.2,75.5,56.1,7,10.4,8.0,40.9,4,53.4,0
50.4,64.9,46.5,25.1,46.2,76.4,49.5,56.3,51.9,8,13.5,8.2,55.1,6,51.8,0
48.0,38.9,44.8,34.1,39.4,55.4,58.5,40.8,45.0,2,-1.4,9.8,74.6,8,45.1,0
68.1,96.6,89.4,88.3,91.1,59.3,81.7,88.2,82.8,5,8.5,10.4,61.9,1,90.5,2
77.6,82.4,78.3,71.0,78.5,88.6,67.4,67.2,76.4,1,-3.8,13.2,77.7,0,91.9,2
52.1,36.5,62.5,41.9,58.1,36.8,52.4,43.2,47.9,2,1.9,12.4,70.8,7,48.2,0
61.1,50.2,29.7,70.6,66.0,22.3,54.2,24.9,47.4,3,0.7,9.2,42.6,5,51.1,0
62.3,66.1,82.9,76.9,74.3,69.1,75.5,91.4,74.8,6,6.6,8.9,72.0,0,83.0,2
64.1,67.5,52.1,84.3,38.3,76.0,76.5,64.8,65.4,8,15.8,8.8,56.0,2,74.8,1
59.3,54.7,61.8,65.8,50.5,57.3,55.4,60.6,58.2,2,1.3,12.1,85.8,5,63.8,1
34.1,24.9,41.7,37.7,53.4,28.3,39.2,27.8,35.9,3,2.8,9.3,72.2,8,33.2,0
51.6,69.8,57.2,74.9,53.2,48.6,51.2,58.4,58.1,4,6.4,9.8,71.7,6,56.8,0
88.5,75.3,71.7,68.5,65.8,73.4,75.1,66.6,73.1,2,-2.2,10.9,78.4,0,90.5,2
10.0,22.1,42.0,15.0,38.4,24.1,32.9,27.6,26.5,15,44.2,7.6,66.9,8,24.3,0
27.9,25.8,34.2,50.4,35.6,19.7,35.3,28.9,32.2,8,8.9,5.8,72.7,8,24.7,0
32.7,66.5,51.6,56.6,49.2,31.9,31.3,61.3,47.6,2,-0.1,10.9,58.0,6,45.4,0
58.2,60.6,38.3,68.6,55.5,45.5,49.5,57.4,54.2,3,-0.0,8.8,71.7,6,57.2,0
64.3,73.1,78.0,85.1,64.4,64.5,96.3,66.4,74.0,1,-2.0,15.0,64.7,0,81.9,2
18.3,38.5,72.2,70.8,44.8,42.9,44.0,55.6,48.4,3,4.5,10.8,47.1,6,40.1,0
71.1,53.5,44.7,55.4,61.4,69.7,67.3,57.3,60.0,4,5.5,10.0,72.8,4,66.0,1
60.3,59.2,71.9,61.3,74.8,53.2,77.1,53.7,63.9,1,-4.7,12.0,71.9,3,68.8,1
67.4,69.7,73.0,60.8,58.0,53.4,53.1,69.7,63.1,8,21.6,10.1,76.6,3,74.7,1
86.9,78.8,89.7,67.0,69.8,64.8,67.3,71.8,74.5,4,4.5,10.1,71.5,0,87.3,2
68.6,57.1,72.4,43.9,78.9,94.0,49.5,49.7,64.3,15,45.0,9.5,48.4,4,71.0,1
33.9,42.7,33.4,36.8,57.8,13.4,32.9,26.7,34.7,1,-0.5,14.3,62.0,8,29.8,0
50.4,42.4,56.3,62.5,42.7,60.8,55.4,60.3,53.8,7,16.9,9.3,76.3,5,59.3,0
62.9,70.4,72.2,66.9,78.2,64.0,84.6,80.8,72.5,6,9.9,9.8,76.1,0,87.8,2
69.4,56.7,85.7,59.6,57.2,63.3,89.1,76.8,69.7,1,-3.2,13.8,61.6,3,73.6,1
77.1,38.4,35.0,52.6,53.7,29.3,54.7,75.8,52.1,2,1.2,12.0,47.0,6,50.8,0
68.0,63.0,65.6,82.1,69.8,90.8,62.3,84.0,73.2,8,25.6,11.3,67.5,0,84.9,2
44.8,47.9,52.6,34.3,59.7,44.9,38.3,45.8,46.0,3,2.0,9.6,76.4,8,47.1,0
75.3,50.3,74.0,91.0,48.8,62.9,53.5,55.4,63.9,2,-2.4,10.2,55.3,4,66.4,1
30.0,66.4,48.8,33.0,35.9,22.4,51.1,40.8,41.0,9,12.3,7.0,58.2,7,38.8,0
80.9,63.8,63.0,65.4,88.8,56.4,98.3,67.5,73.0,1,-3.6,13.5,56.2,1,84.0,2
35.1,57.5,51.8,69.9,48.3,54.2,54.2,35.3,50.8,3,-0.9,8.7,65.6,7,48.1,0
65.9,76.6,56.4,74.0,63.4,52.2,75.8,46.5,63.8,4,7.4,10.7,66.0,3,70.3,1
32.4,35.7,30.2,46.8,36.3,35.6,31.5,41.6,36.3,4,11.4,10.8,83.4,8,36.2,0
79.4,68.7,65.9,62.6,64.4,93.6,61.8,90.1,73.3,2,2.5,13.7,61.9,0,85.7,2
35.5,50.8,42.9,42.7,40.3,49.7,40.0,48.8,43.8,3,1.4,9.4,83.7,8,42.8,0
45.5,47.1,31.6,42.0,63.7,40.2,45.3,43.9,44.9,5,12.8,10.6,73.1,7,47.3,0
71.9,53.9,67.1,59.9,71.0,47.9,63.8,23.0,57.3,4,5.5,10.2,51.7,4,66.1,1
69.3,82.7,82.4,79.6,75.4,56.4,81.0,95.4,77.8,5,2.6,8.6,66.0,1,85.7,2
65.0,50.7,73.9,45.5,54.9,43.9,50.1,40.0,53.0,2,1.4,12.2,65.9,6,57.1,0
50.8,60.0,59.0,27.0,51.9,37.8,56.7,31.1,46.8,7,16.9,9.2,61.1,7,51.3,0
51.0,66.3,66.0,72.3,60.5,51.9,67.6,52.9,61.1,3,4.5,11.2,75.4,3,65.9,1
62.6,69.0,69.3,64.0,79.3,66.5,64.9,65.7,67.7,15,21.8,7.0,84.3,0,80.9,2
68.8,80.2,46.9,78.3,68.8,67.4,79.2,68.7,69.8,1,-0.2,15.0,68.0,1,80.8,2
64.5,62.0,69.9,63.0,71.9,61.7,48.9,56.7,62.3,2,0.4,12.2,78.3,2,71.8,1
55.7,57.1,48.8,55.5,54.6,44.8,23.8,52.4,49.1,1,-4.9,11.1,67.0,8,44.1,0
68.0,81.6,83.8,100.0,80.0,100.0,82.1,65.8,82.7,3,3.0,11.3,62.3,0,94.8,2
59.6,64.0,72.7,51.6,81.3,49.1,63.4,60.3,62.8,1,-1.7,14.9,68.6,3,66.4,1
74.2,59.5,61.3,53.4,63.5,55.9,86.4,59.9,64.3,5,9.2,10.0,67.4,4,75.7,1
57.8,67.4,86.0,51.4,57.5,31.1,63.0,54.7,58.6,8,23.5,10.4,53.7,5,63.9,1
57.0,86.0,73.2,91.0,60.2,51.2,54.5,48.3,65.2,1,-4.3,12.4,51.3,4,69.9,1
34.8,63.0,68.2,64.5,71.4,45.1,82.6,50.3,60.0,1,-1.6,14.9,53.5,3,60.6,1
47.9,56.5,65.6,72.3,59.6,43.6,67.9,47.2,57.6,8,21.5,9.9,68.2,5,61.7,1
22.3,47.4,34.5,15.0,55.9,12.6,47.9,38.9,34.3,2,0.4,10.5,51.6,8,27.3,0
23.9,33.2,32.1,38.2,31.2,10.0,24.4,36.3,28.7,2,0.3,10.4,72.8,8,23.0,0
58.2,77.2,40.2,62.1,57.6,61.3,71.7,63.4,61.5,1,-3.6,13.2,67.3,3,65.3,1
43.8,50.2,22.4,52.8,35.9,38.7,23.2,30.4,37.2,2,1.8,11.3,65.7,8,40.8,0
41.0,30.8,44.2,60.2,66.2,34.2,33.5,64.7,46.8,1,-1.8,14.0,56.1,5,45.5,0
57.4,66.3,70.7,60.4,58.0,30.3,74.4,71.9,61.2,4,9.3,11.6,57.9,3,62.9,1
69.6,66.0,47.2,88.1,59.5,61.9,64.3,86.3,67.9,3,3.6,11.3,59.2,2,76.9,1
47.3,50.9,54.0,82.7,59.0,60.5,51.5,53.6,57.4,6,7.6,8.4,66.9,6,62.7,1
74.1,35.5,47.6,75.8,49.3,58.9,42.3,41.6,53.1,2,-1.3,10.6,54.8,6,53.2,0
54.1,28.6,46.6,56.2,31.5,25.6,46.7,57.1,43.3,3,2.0,9.5,61.4,8,41.0,0
71.6,87.0,89.3,80.4,70.3,67.7,88.1,84.6,79.9,2,0.9,13.3,73.8,0,88.2,2
74.8,57.8,54.5,65.9,65.3,40.3,58.9,53.0,58.8,10,27.1,9.6,69.1,5,68.3,1
95.4,72.2,72.4,74.1,88.0,61.5,75.7,85.9,78.2,3,4.8,12.5,67.5,0,87.4,2
64.0,79.2,68.3,79.6,70.9,58.1,87.0,68.7,72.0,1,-3.2,14.0,71.9,1,80.2,2
43.2,50.8,52.5,50.2,56.9,43.9,33.2,65.6,49.5,2,-0.9,10.9,70.9,7,47.9,0
59.5,81.8,65.5,64.5,68.9,56.0,74.3,72.4,67.9,1,-3.6,13.2,75.1,2,71.6,1
10.0,16.4,38.7,52.4,20.0,20.6,25.0,19.6,25.3,1,-0.7,13.6,59.1,8,19.4,0
79.0,100.0,74.3,90.6,97.0,66.7,78.0,67.2,81.6,3,1.9,11.5,61.5,0,93.1,2
66.3,71.4,91.2,65.0,73.4,61.3,53.1,59.7,67.7,2,3.6,14.3,65.6,2,79.2,2
64.9,52.7,43.8,45.1,64.4,39.8,65.6,77.1,56.7,12,22.1,7.7,60.4,4,58.4,0
65.6,57.6,75.6,63.4,71.8,33.1,54.0,85.5,63.3,1,-3.1,13.5,52.6,3,66.9,1
46.9,66.8,43.4,59.7,73.4,51.1,64.9,80.2,60.8,6,11.4,8.8,61.1,4,62.4,1
44.7,59.6,39.9,53.5,40.7,35.9,72.3,55.7,50.3,2,2.1,12.4,63.4,7,50.4,0
54.7,62.7,85.4,69.3,61.7,38.5,76.0,57.0,63.2,1,-0.7,15.0,57.4,3,68.3,1
76.9,71.8,70.0,75.0,86.9,70.0,70.1,85.6,75.8,13,29.9,8.8,79.2,0,89.7,2
63.2,31.6,56.9,62.3,63.3,46.8,55.0,53.4,54.1,6,14.5,10.0,67.9,5,58.6,0
39.2,33.5,43.9,57.4,47.8,48.1,30.0,39.0,42.4,4,3.7,8.7,73.6,8,41.7,0
50.2,56.1,56.0,73.1,58.9,62.4,61.6,67.4,60.7,5,8.5,9.8,78.6,4,66.6,1
73.1,47.2,52.4,54.2,52.6,33.3,50.6,77.5,55.1,15,45.0,9.1,57.7,6,58.2,0
78.1,89.0,35.3,72.6,73.2,79.9,70.3,73.4,71.5,4,7.5,11.4,52.8,1,82.0,2
44.6,20.6,18.6,42.0,25.5,10.1,44.0,40.8,30.8,1,-1.2,14.1,59.2,8,27.4,0
46.4,27.2,46.7,50.5,51.5,31.3,42.7,23.5,40.0,1,-5.0,10.7,67.1,8,35.0,0
34.3,55.2,63.4,64.7,29.1,37.1,57.1,50.5,48.9,4,5.0,9.3,59.0,6,48.6,0
57.0,43.4,56.4,36.8,31.1,24.2,34.8,47.8,41.4,4,1.2,7.4,64.6,8,41.1,0
10.0,15.0,15.0,15.0,20.0,26.4,20.0,15.0,17.0,5,4.7,6.1,85.2,8,12.0,0
84.5,97.8,75.9,63.3,96.3,70.7,76.2,74.0,79.8,1,-0.7,15.0,63.6,0,91.0,2
76.3,66.6,32.3,39.9,58.1,32.7,65.6,61.6,54.1,11,16.1,7.2,49.6,4,59.4,0
49.9,63.8,45.1,34.2,52.5,26.0,48.7,36.8,44.6,3,2.0,9.7,64.4,7,47.3,0
22.7,38.2,47.9,26.2,28.7,63.3,54.7,15.0,37.1,4,8.1,9.8,49.4,7,36.2,0
47.4,71.8,75.9,67.7,86.2,62.2,54.5,75.5,67.6,1,-3.0,14.2,62.4,2,70.3,1
42.3,38.6,39.6,50.7,72.9,27.2,49.4,40.8,45.2,12,20.2,6.7,60.1,7,44.3,0
52.4,61.1,49.6,36.8,54.8,60.4,58.5,56.7,53.8,3,2.9,10.1,76.4,6,55.5,0
41.2,58.1,64.0,49.8,45.3,18.2,36.0,77.4,48.8,3,1.7,9.5,45.7,6,44.2,0
61.9,59.0,57.1,71.6,40.3,73.2,79.5,75.9,64.8,10,17.2,7.9,61.5,3,68.8,1
43.2,45.0,39.9,29.5,45.6,23.0,38.4,15.0,35.0,10,19.3,7.2,66.3,8,36.7,0
85.5,84.7,90.8,66.5,63.9,72.7,73.7,100.0,79.7,1,-2.3,14.7,62.4,0,87.8,2
49.1,47.0,49.3,35.8,44.7,39.6,56.2,60.1,47.7,10,10.4,6.4,76.1,7,49.6,0
79.2,76.3,58.7,66.2,89.2,48.9,90.3,75.9,73.1,5,5.3,9.6,56.9,2,81.9,2
48.5,56.9,67.4,69.7,46.4,47.8,52.6,68.7,57.2,1,-3.9,12.1,70.2,5,56.7,0
67.1,47.9,78.3,73.2,66.0,72.7,68.9,35.9,63.8,1,-0.8,15.0,56.9,2,71.8,1
29.3,42.5,15.0,65.9,43.6,10.0,43.9,29.8,35.0,2,1.6,11.4,46.3,7,34.5,0
67.9,62.3,71.5,63.8,67.2,49.8,85.2,76.0,68.0,4,10.6,12.5,68.9,1,74.9,1
75.9,92.0,79.6,99.7,68.6,89.7,86.4,81.5,84.2,5,7.3,10.3,70.6,0,94.8,2
12.7,37.2,29.9,15.0,20.0,15.7,20.0,30.8,22.7,1,-1.3,12.6,73.5,8,20.1,0
45.4,49.1,55.4,49.9,63.5,56.1,46.1,69.9,54.4,7,14.2,8.9,74.1,6,53.1,0
46.2,38.1,53.9,88.2,46.3,59.2,63.1,60.1,56.9,7,10.6,8.0,54.4,5,55.1,0
49.2,27.8,31.6,19.8,22.0,31.4,24.6,25.4,29.0,4,9.1,9.7,72.6,8,30.1,0
60.9,48.6,44.9,72.0,39.6,46.9,44.7,62.1,52.5,9,25.7,9.4,66.5,5,59.9,0
34.5,54.8,62.1,47.2,53.6,56.8,50.8,39.3,49.9,6,19.3,10.7,72.5,7,51.8,0
55.4,49.2,36.1,32.7,64.7,34.8,48.6,54.8,47.0,1,-1.4,14.1,65.6,7,45.3,0
78.0,67.9,63.7,51.4,80.0,62.5,69.6,61.4,66.8,6,5.9,8.5,72.2,1,80.5,2
46.5,50.3,48.2,50.6,47.4,54.3,55.7,51.8,50.6,11,21.9,7.5,90.3,8,51.1,0
70.2,66.7,61.3,63.0,86.0,59.3,67.6,60.6,66.8,1,-0.9,15.0,74.2,1,74.9,1
35.4,56.0,67.1,43.1,37.5,60.5,28.4,58.3,48.3,14,23.3,6.5,58.2,6,46.0,0
64.7,80.8,61.6,37.5,66.0,59.4,78.0,56.6,63.1,1,-2.5,13.9,59.8,3,65.2,1
20.6,19.7,42.1,38.3,20.6,11.7,20.0,15.4,23.5,3,1.4,8.6,67.7,8,22.7,0
62.1,33.0,37.8,30.2,48.2,41.0,34.7,37.8,40.6,6,19.0,10.8,69.3,7,43.5,0
54.6,35.5,47.6,39.5,49.4,14.8,35.0,35.2,39.0,6,12.2,8.5,63.3,8,37.9,0
56.0,44.3,66.1,39.3,65.1,51.7,57.1,45.8,53.2,5,8.0,9.3,70.9,6,56.8,0
79.0,52.2,76.1,81.3,71.3,52.9,61.7,73.8,68.5,3,0.4,9.8,65.6,2,74.8,1
44.0,35.0,72.3,22.9,53.6,31.7,47.2,46.1,44.1,4,1.2,7.9,55.0,7,38.9,0
18.0,26.6,21.6,26.1,20.0,10.0,20.0,39.0,22.7,5,10.2,8.6,74.9,8,17.3,0
61.8,45.6,46.8,57.3,50.6,32.4,56.3,45.7,49.6,3,7.7,12.3,72.5,7,45.0,0
77.7,64.0,48.4,64.0,66.9,49.9,44.3,67.5,60.3,4,5.8,10.0,65.5,3,69.5,1
59.1,31.3,35.6,21.8,33.8,26.7,35.9,36.6,35.1,7,17.8,8.8,67.2,8,41.3,0
62.6,46.3,66.4,36.6,56.9,32.4,61.9,55.6,52.3,2,-1.7,10.5,62.3,5,53.8,0
41.4,32.9,39.8,44.0,27.0,28.3,37.4,19.6,33.8,3,3.8,9.7,75.0,8,32.7,0
47.9,34.1,64.5,44.3,41.8,25.7,46.8,45.6,43.8,1,-0.9,14.5,66.4,7,40.5,0
73.2,63.2,62.2,43.2,49.0,63.2,46.3,65.4,58.2,5,10.1,9.9,68.1,3,69.1,1
51.9,29.9,47.3,58.9,47.5,56.8,43.1,39.0,46.8,1,-3.8,12.0,71.5,8,46.2,0
75.0,42.4,51.7,58.1,62.5,54.7,59.5,65.1,58.6,3,3.4,11.1,71.1,5,61.8,1
10.0,15.0,30.4,15.0,20.0,38.3,20.0,15.0,20.5,1,-2.7,11.7,71.9,8,17.6,0
52.2,51.6,53.1,44.6,81.4,47.1,60.1,78.4,58.6,1,-3.0,13.2,58.2,5,56.7,0
59.7,48.2,61.0,41.4,40.1,26.5,43.0,54.1,46.8,3,5.6,11.4,65.6,7,47.7,0
72.7,66.5,58.5,53.8,63.0,73.7,66.6,65.0,65.0,2,-2.6,10.2,80.0,2,76.8,1
73.8,57.7,77.0,67.5,63.9,78.8,62.9,57.1,67.3,2,-1.0,11.1,74.8,2,75.8,1
59.0,49.4,62.1,78.4,52.6,65.3,47.0,68.3,60.3,1,-2.3,13.9,68.5,4,62.1,1
59.3,83.7,78.4,48.8,66.5,49.1,56.3,66.9,63.6,11,33.9,10.3,61.7,4,71.2,1
17.3,33.4,24.8,17.5,20.0,10.0,20.0,18.7,20.2,1,-3.3,11.1,79.8,8,17.2,0
38.0,50.1,27.4,37.6,45.3,28.7,24.4,37.4,36.1,8,10.6,6.6,73.3,8,35.8,0
44.6,46.8,38.1,49.7,42.0,72.0,51.8,29.1,46.8,5,10.1,9.3,62.7,7,47.9,0
58.2,74.8,53.6,82.3,77.2,45.7,84.5,87.4,70.5,1,-0.1,15.0,52.9,3,73.1,1
57.1,52.5,62.3,58.7,75.3,65.3,69.1,71.4,64.0,3,1.7,10.1,76.8,3,65.9,1
27.5,32.4,15.0,23.4,26.5,24.5,31.9,29.9,26.4,15,20.9,5.1,83.1,8,25.7,0
27.3,45.1,57.8,62.6,62.3,61.6,55.5,53.2,53.2,4,6.9,10.2,64.1,5,50.4,0
68.9,48.4,15.3,38.2,74.7,34.9,49.4,48.4,47.3,1,-2.3,14.0,43.6,6,50.4,0
47.7,29.5,56.1,19.5,45.1,37.5,54.5,28.6,39.8,3,2.6,9.8,60.5,8,38.0,0
32.1,35.6,17.3,65.7,36.6,13.6,42.5,19.5,32.9,3,7.4,11.2,49.6,7,30.3,0
37.2,46.8,32.6,34.7,39.2,27.1,40.3,57.7,39.4,6,17.5,10.2,71.9,8,35.9,0
86.0,76.0,94.0,72.5,91.0,80.5,80.2,73.7,81.7,9,20.6,9.9,76.2,0,98.8,2
73.1,78.6,85.3,88.7,78.2,58.2,76.8,95.3,79.3,1,-2.9,14.6,66.6,1,86.6,2
43.8,33.1,62.3,57.5,59.3,50.4,49.2,51.8,50.9,2,0.5,11.5,71.9,7,47.9,0
61.1,57.7,41.7,66.1,64.0,48.7,41.7,43.5,53.1,2,0.5,11.6,69.1,5,59.0,0
63.3,56.6,70.4,71.7,47.6,39.3,57.0,50.3,57.0,15,45.0,9.3,66.4,5,63.7,1
38.6,65.1,52.4,36.2,47.7,37.9,59.0,57.2,49.3,3,2.5,10.2,67.3,7,47.5,0
58.9,43.4,42.4,58.6,33.5,40.6,43.5,21.3,42.8,8,10.3,6.7,63.1,8,44.6,0
23.1,42.0,51.5,41.6,43.7,28.7,34.7,24.1,36.2,2,-0.5,10.0,69.4,8,35.9,0
70.1,72.3,56.8,76.1,60.2,64.4,48.7,65.9,64.3,5,13.0,11.5,73.3,2,76.3,1
50.8,33.9,42.3,38.3,33.8,23.6,30.2,40.8,36.7,2,2.0,11.4,75.2,8,36.4,0
54.9,90.3,82.9,49.5,87.0,66.7,87.4,82.4,75.1,9,19.5,9.7,52.4,2,83.3,2
10.0,22.5,21.6,23.1,24.7,19.9,21.7,25.8,21.2,3,4.2,9.4,85.4,8,16.4,0
84.3,84.5,64.5,65.3,91.8,90.4,91.9,83.9,82.1,6,13.0,10.7,66.7,0,96.1,2
15.7,42.1,43.4,32.7,26.7,48.1,44.9,58.4,39.0,2,0.8,11.4,59.9,8,31.2,0
10.0,22.9,15.0,19.2,28.8,18.1,25.5,24.0,20.4,5,11.6,8.8,81.8,8,18.4,0
83.9,88.0,83.2,80.1,68.2,47.0,61.0,57.1,71.1,2,-1.8,11.0,55.3,2,81.0,2
53.1,66.2,59.0,62.4,43.3,45.9,64.7,60.4,56.9,1,-2.8,13.5,74.3,4,63.8,1
83.9,52.7,49.3,63.9,47.1,38.5,66.2,47.6,56.2,2,-2.3,10.1,56.8,5,64.6,1
42.8,61.1,38.0,50.3,71.3,38.1,48.8,30.6,47.6,3,3.8,10.8,60.0,6,46.0,0
48.2,39.2,46.7,58.0,58.7,20.3,38.3,54.6,45.5,1,-0.9,14.9,61.7,8,40.7,0
46.4,39.2,55.7,39.4,48.5,35.6,35.6,46.9,43.4,1,-4.9,10.7,78.7,8,41.9,0
55.2,40.5,51.3,63.2,59.6,73.3,40.1,54.1,54.7,3,-0.5,8.6,66.6,6,55.6,0
52.5,61.8,53.4,65.4,42.4,52.4,62.3,61.8,56.5,2,0.8,11.9,77.1,4,60.0,1
20.3,28.2,50.1,33.2,31.2,35.5,23.0,42.6,33.0,3,3.7,9.5,70.5,8,31.2,0
67.9,69.1,59.6,54.8,76.4,71.5,73.5,53.4,65.8,3,4.7,11.7,73.9,3,75.4,1
60.4,54.1,34.9,49.3,40.4,35.3,28.7,39.9,42.9,1,-4.0,11.7,67.8,7,42.1,0
29.2,17.4,27.0,26.9,34.5,15.2,20.0,15.0,23.2,1,-0.3,13.9,78.3,8,23.1,0
44.3,48.6,57.2,54.6,46.2,26.8,44.9,57.6,47.5,7,17.9,9.6,70.2,8,46.0,0
42.4,55.2,47.4,49.1,56.0,51.3,57.8,69.3,53.6,1,-3.2,12.9,75.7,7,48.8,0
30.8,31.4,30.5,32.8,43.6,35.8,20.0,33.3,32.3,4,7.6,9.7,80.4,8,29.9,0
23.3,40.3,57.0,45.0,46.7,22.6,36.0,48.0,39.9,2,-1.7,9.6,63.9,8,31.3,0
31.9,32.7,26.5,21.9,28.0,43.3,26.4,22.0,29.1,12,36.1,8.3,79.1,8,33.3,0
55.5,49.8,28.9,44.1,56.4,30.1,49.8,54.0,46.1,1,-1.8,13.8,67.2,8,44.2,0
30.8,38.4,35.4,42.1,36.7,68.4,32.1,15.0,37.4,7,11.1,7.1,55.3,7,39.1,0
63.6,27.0,54.4,50.5,27.1,44.1,33.7,61.9,45.3,3,-0.4,8.4,55.9,6,46.1,0
61.2,27.5,38.6,27.0,58.9,35.5,20.0,27.6,37.0,1,-2.6,12.8,54.2,7,36.5,0
34.2,19.8,38.5,37.3,21.6,54.7,22.7,33.6,32.8,2,-0.2,10.1,65.5,8,29.1,0
82.8,75.9,60.7,100.0,93.7,34.2,63.1,90.7,75.1,2,-0.3,12.1,35.1,1,83.1,2
34.4,43.7,53.4,55.7,44.2,36.5,33.6,31.8,41.7,2,2.5,12.4,72.6,8,39.6,0
73.6,53.4,65.2,73.3,74.6,63.3,72.1,98.4,71.7,2,-1.8,11.4,61.2,1,78.3,2
59.6,67.3,48.7,63.1,48.8,37.1,52.9,70.2,56.0,9,21.6,8.4,66.7,5,59.6,0
60.7,46.6,76.2,96.1,61.0,63.5,56.2,75.8,67.0,2,2.0,13.2,54.3,2,73.6,1
88.2,71.4,70.7,81.2,51.7,59.7,53.1,70.2,68.3,2,-1.1,11.4,61.4,3,78.0,2
88.3,81.7,59.0,51.7,74.0,86.3,70.6,72.3,73.0,5,11.9,11.4,61.7,2,85.5,2
69.2,53.3,45.6,68.6,64.3,59.8,58.3,67.1,60.8,6,6.8,8.2,75.3,4,66.9,1
33.2,55.8,66.9,66.3,63.1,49.1,44.3,56.7,54.4,1,-4.4,11.5,64.9,5,51.5,0
57.7,51.3,51.9,34.9,49.8,61.2,55.8,37.3,50.0,5,9.8,10.1,72.0,7,53.6,0
71.4,66.5,72.4,76.1,69.8,38.8,62.3,60.2,64.7,3,2.9,10.8,64.9,1,74.6,1
33.1,22.6,47.0,44.0,44.5,43.1,47.5,38.6,40.0,1,-2.4,13.2,74.6,8,35.4,0
49.8,66.3,40.3,70.3,52.9,49.9,44.0,43.7,52.2,2,1.3,12.0,67.6,6,52.8,0
48.1,40.9,33.7,40.4,49.4,19.4,49.3,31.4,39.1,1,-4.1,11.4,68.6,8,33.9,0
67.0,56.9,93.2,77.6,68.9,78.2,73.5,57.9,71.6,2,0.4,12.5,64.5,2,81.1,2
11.5,30.9,65.5,29.9,24.1,10.0,31.0,41.6,30.6,2,-1.0,9.2,47.3,7,24.2,0
32.5,73.3,50.4,64.3,65.4,83.6,57.5,47.3,59.3,2,0.9,11.9,52.1,4,60.6,1
32.6,29.0,33.8,45.4,48.2,33.0,24.8,36.4,35.4,4,6.9,9.4,76.4,8,32.6,0
67.3,56.9,38.3,47.0,46.2,39.8,39.4,54.4,48.7,5,11.9,10.6,69.5,7,49.3,0
37.3,43.6,28.4,45.8,42.1,51.4,58.9,41.6,43.6,4,5.1,9.2,72.8,8,43.6,0
45.0,37.9,35.2,46.4,43.9,48.9,36.1,50.4,43.0,4,3.4,8.5,82.5,8,44.0,0
45.1,39.6,42.9,65.3,56.4,71.4,47.3,44.5,51.6,7,18.3,9.5,65.4,6,53.8,0
40.4,42.7,48.5,56.1,46.3,68.2,42.9,56.1,50.2,8,13.5,7.7,71.9,7,49.7,0
72.8,57.2,70.6,54.4,63.9,37.3,77.2,81.5,64.4,7,5.4,7.3,56.9,3,66.6,1
78.5,55.9,61.3,47.4,71.6,48.7,58.9,45.7,58.5,1,-4.9,11.6,64.8,5,63.4,1
84.3,68.2,79.8,80.3,69.1,51.6,59.9,75.8,71.1,2,-0.4,11.9,66.5,2,78.5,2
34.7,53.0,36.4,38.7,58.3,48.9,40.7,47.2,44.7,3,1.9,9.4,74.7,8,40.5,0
80.6,65.2,55.8,67.2,41.0,70.4,68.8,42.8,61.5,2,-0.7,11.0,58.5,3,71.0,1
75.1,47.2,58.3,62.6,59.5,37.8,55.4,70.8,58.3,1,-1.3,15.0,64.0,5,59.4,0
38.0,38.6,29.0,64.3,30.3,38.0,28.2,40.9,38.4,2,1.0,11.4,65.4,7,37.0,0
69.4,92.9,53.7,68.1,80.0,61.2,87.6,97.1,76.2,13,34.3,9.8,53.3,1,88.5,2
70.3,61.2,48.7,76.2,64.7,62.5,47.8,69.0,62.6,2,3.0,13.2,70.0,2,67.5,1
73.0,75.2,40.2,83.2,69.5,68.9,55.2,70.6,67.0,2,0.0,12.1,60.1,2,74.8,1
42.2,56.4,39.0,47.8,48.1,63.3,43.6,50.1,48.8,1,-2.4,13.6,76.3,7,49.2,0
83.5,82.6,90.1,72.3,71.8,70.0,89.4,100.0,82.5,5,7.2,10.4,68.3,0,94.9,2
67.5,72.6,73.6,96.9,89.4,62.8,77.6,65.1,75.7,2,0.2,12.3,64.2,0,84.2,2
12.8,20.6,24.9,15.0,23.2,26.1,25.7,27.2,21.9,1,-4.3,10.5,83.9,8,22.5,0
82.1,80.1,83.3,73.6,65.7,58.5,60.5,68.9,71.6,13,45.0,10.8,70.9,1,92.1,2
53.5,41.4,36.1,50.4,60.3,43.7,53.0,59.1,49.7,6,13.7,9.2,74.3,7,50.0,0
62.2,52.2,60.5,53.4,49.1,64.4,59.6,67.7,58.6,5,12.6,10.5,80.7,4,63.9,1
39.7,40.0,21.7,42.9,21.4,56.8,34.0,37.5,36.8,12,30.4,7.5,65.5,8,36.3,0
10.0,15.8,22.5,15.0,20.0,10.0,20.0,15.0,16.0,2,0.3,9.7,86.2,8,11.3,0
65.0,72.0,73.1,96.8,63.8,94.4,67.1,69.9,75.3,5,5.7,9.4,61.2,0,87.9,2
53.6,34.1,39.8,27.8,26.1,25.4,39.0,22.3,33.5,1,-2.1,13.1,69.0,8,34.5,0
67.8,66.4,61.2,64.6,59.8,71.4,73.1,69.3,66.7,5,7.5,9.6,86.0,1,81.6,2
28.3,44.0,50.4,28.9,70.6,34.2,36.0,36.9,41.2,1,-3.1,12.6,58.1,7,37.6,0
76.2,68.3,77.4,86.6,62.3,51.2,92.2,100.0,76.8,1,-0.8,15.0,51.9,1,82.2,2
58.4,44.1,33.7,76.3,36.0,62.3,49.4,44.3,50.6,2,0.1,11.2,57.1,6,50.5,0
57.9,51.1,62.1,78.9,54.9,45.5,61.5,64.3,59.5,1,-3.8,12.3,70.1,4,59.4,0
28.1,52.4,25.5,56.3,39.2,53.3,26.9,58.5,42.5,3,-0.2,8.3,57.5,8,32.4,0
60.9,47.0,28.8,35.7,45.5,44.9,40.2,49.1,44.0,3,3.4,9.8,71.4,7,46.6,0
52.8,54.1,72.8,70.4,65.5,68.8,59.2,64.4,63.5,4,6.9,11.0,77.7,3,71.7,1
54.9,50.1,60.8,50.3,45.3,55.5,55.5,46.9,52.4,1,-0.3,15.0,84.6,7,55.1,0
52.8,27.0,36.0,18.9,49.4,44.0,36.2,68.3,41.6,1,-0.6,14.2,53.4,7,40.2,0
82.8,59.1,78.5,71.1,59.8,80.4,82.1,98.9,76.6,4,7.3,11.4,60.8,2,83.8,2
81.0,74.7,56.4,82.3,74.8,57.5,64.6,74.3,70.7,4,10.3,12.2,70.0,2,84.9,2
30.5,43.7,37.6,33.7,50.6,44.5,25.0,39.7,38.2,1,-2.9,12.7,75.2,8,32.8,0
34.8,54.9,15.0,15.0,39.5,48.6,33.4,21.3,32.8,3,1.8,8.8,55.4,8,29.7,0
40.1,38.6,30.4,26.3,38.0,37.0,36.5,33.8,35.1,6,5.8,7.0,86.0,8,36.1,0
40.0,46.3,37.6,65.2,41.5,40.9,50.0,62.4,48.0,1,-2.1,13.9,68.5,6,48.6,0
83.8,64.4,72.6,50.5,88.6,56.7,65.4,100.0,72.8,2,0.7,12.6,49.5,2,82.2,2
40.5,46.7,78.9,45.4,46.3,56.9,50.1,49.3,51.8,2,2.8,12.8,64.3,7,51.2,0
78.1,93.1,93.8,79.8,100.0,73.6,88.0,100.0,88.3,9,17.5,9.7,69.7,0,100.0,2
51.7,55.8,20.2,51.5,50.7,46.7,57.3,57.9,49.0,1,-3.5,12.3,63.4,8,47.0,0
52.0,87.2,35.6,57.7,49.3,43.9,34.0,50.5,51.3,2,0.0,11.3,50.2,7,50.1,0
35.8,22.5,19.5,41.6,38.4,46.9,20.3,46.8,34.0,8,14.2,7.2,65.3,8,29.5,0
50.5,55.2,32.0,52.0,64.9,49.4,57.9,65.6,53.4,2,-1.2,10.5,68.2,6,53.9,0
86.3,62.6,65.2,56.8,70.4,81.8,48.3,80.1,68.9,3,0.7,10.1,60.5,2,76.2,1
69.3,84.6,81.7,90.9,73.1,91.0,74.5,74.7,80.0,1,-0.3,15.0,75.1,0,90.3,2
64.0,85.5,53.2,46.3,51.9,60.7,94.3,77.9,66.7,15,31.2,8.2,48.1,3,72.4,1
28.0,34.1,21.5,35.9,20.0,38.8,20.0,37.9,29.5,7,19.1,8.5,75.6,8,29.8,0
26.3,26.7,41.8,55.3,46.8,29.5,45.0,50.4,40.2,4,7.0,9.5,66.2,8,34.9,0
12.4,34.6,35.0,58.5,20.0,26.2,20.0,39.0,30.7,1,-2.2,12.4,56.8,8,26.2,0
38.7,15.7,40.0,29.6,44.5,22.4,43.9,35.5,33.8,1,-4.8,10.7,68.9,8,31.2,0
46.3,15.0,41.1,31.1,36.9,40.6,32.0,49.7,36.6,3,4.1,10.1,67.6,8,33.3,0
62.7,49.4,50.6,52.7,58.7,49.6,54.0,66.6,55.5,2,0.8,11.6,80.7,6,58.9,0
62.5,69.1,48.9,61.5,38.3,61.9,67.6,55.9,58.2,4,3.1,9.2,69.3,3,63.3,1
21.6,35.6,21.7,43.5,20.0,10.0,24.1,15.0,23.9,4,3.6,7.9,67.6,8,22.3,0
69.8,88.3,50.0,73.2,62.2,31.4,72.3,86.0,66.6,7,18.5,10.4,43.8,2,72.5,1
72.4,67.7,83.0,61.0,84.6,42.6,55.2,59.9,65.8,2,0.9,12.4,57.6,3,70.4,1
50.7,47.9,30.5,47.8,40.5,49.6,48.3,39.2,44.3,3,2.6,9.9,79.1,8,47.6,0
89.6,88.0,85.1,86.2,73.7,76.0,81.2,76.9,82.1,6,13.0,10.5,82.0,0,99.1,2
60.1,68.8,53.8,55.3,94.0,80.2,67.9,68.6,68.6,3,5.7,12.5,60.0,2,75.8,1
28.7,43.2,47.4,36.4,42.0,27.6,27.3,15.0,33.4,7,12.3,7.7,67.9,8,33.7,0
81.6,74.2,79.4,75.5,77.3,63.9,64.9,79.0,74.5,1,-2.6,14.1,80.1,0,89.7,2
33.3,41.7,65.1,38.4,45.0,35.8,62.2,61.8,47.9,5,10.9,9.9,61.0,5,45.9,0
60.8,72.4,54.2,21.2,79.4,79.1,77.6,54.7,62.4,10,32.1,10.6,40.9,3,69.6,1
57.3,91.0,67.5,84.9,79.7,49.0,74.6,65.6,71.2,2,-0.6,11.5,57.7,2,78.3,2
46.4,78.5,57.4,64.9,70.5,74.6,81.3,52.8,65.8,2,0.7,12.3,62.2,3,71.2,1
28.9,24.0,22.0,17.6,31.0,24.5,31.1,21.9,25.1,1,-2.1,12.8,85.6,8,20.0,0
53.0,71.4,45.3,57.8,50.2,61.5,46.2,37.5,52.9,4,3.1,8.4,68.3,6,59.5,0
46.6,53.9,55.2,43.8,29.0,42.6,25.2,51.7,43.5,3,4.7,10.7,66.7,8,41.1,0
40.0,37.2,24.8,19.9,42.0,29.7,21.2,55.6,33.8,1,-3.7,11.4,63.5,8,27.8,0
46.1,32.7,37.1,39.4,24.0,18.1,36.8,27.9,32.8,5,10.0,8.8,72.9,8,32.7,0
36.0,49.8,30.6,43.3,38.4,66.7,49.5,51.4,45.7,7,12.7,7.9,66.3,7,46.6,0
77.9,48.9,34.2,39.8,59.8,55.2,33.7,56.2,50.7,9,26.6,9.4,55.4,7,57.3,0
60.9,66.1,60.6,55.1,76.3,65.1,65.2,39.4,61.1,3,0.8,9.9,68.1,2,71.5,1
38.7,41.5,38.9,29.9,25.6,40.3,63.1,25.3,37.9,3,0.6,8.7,63.7,7,42.5,0
43.5,64.1,60.3,62.7,43.0,37.2,51.8,76.9,54.9,8,15.7,8.4,60.0,4,62.5,1
46.9,51.6,26.3,26.2,47.4,45.6,55.1,35.1,41.8,2,-0.4,10.4,66.6,8,41.8,0
47.9,51.1,77.5,42.2,34.4,45.0,55.5,57.2,51.4,4,3.7,8.9,61.5,7,49.1,0
48.4,34.1,28.2,52.0,64.0,44.9,55.5,53.8,47.6,4,1.0,7.8,65.0,7,44.3,0
69.9,73.3,74.1,90.7,73.7,76.9,64.6,46.4,71.2,2,1.1,12.8,62.6,1,82.0,2
42.9,39.3,42.8,49.0,60.3,44.8,30.0,38.0,43.4,1,-2.1,13.5,73.6,7,45.3,0
72.2,65.8,61.7,77.6,63.1,62.9,78.8,78.7,70.1,1,-0.6,15.0,77.4,0,81.8,2
47.9,53.2,51.3,55.6,47.1,67.7,57.0,42.3,52.8,2,2.4,12.7,76.9,7,55.0,0
47.2,41.8,60.4,65.0,62.9,35.1,53.4,47.9,51.7,3,1.5,9.6,68.2,5,54.5,0
22.7,15.0,22.5,39.6,20.0,10.0,20.0,15.0,20.6,7,14.3,6.8,73.6,8,19.1,0
51.3,59.3,52.3,50.0,42.8,37.8,52.0,45.0,48.8,2,-0.9,10.8,80.0,8,49.9,0
68.9,65.5,67.8,64.6,70.2,59.4,59.2,57.9,64.2,2,-0.4,11.5,85.7,3,74.6,1
36.7,48.8,32.0,51.2,32.0,52.1,42.7,25.6,40.1,3,2.7,10.0,70.0,8,40.6,0
68.5,80.0,70.6,80.1,88.5,55.3,77.6,87.5,76.0,1,-1.7,15.0,67.3,1,86.3,2
50.3,58.7,69.3,66.8,67.2,100.0,73.2,48.3,66.7,1,-0.6,15.0,51.6,3,68.1,1
93.4,75.5,42.9,63.6,62.5,65.9,75.4,68.8,68.5,1,-4.6,12.5,57.1,1,81.3,2
55.9,55.9,41.3,41.5,51.4,37.5,41.5,31.2,44.5,2,-0.8,10.1,73.2,8,43.9,0
63.9,55.1,54.7,89.1,68.8,32.6,58.7,69.9,61.6,1,-1.7,14.4,51.7,4,64.1,1
48.9,46.3,40.2,30.6,23.9,10.0,20.9,15.0,29.5,1,-0.4,14.0,56.6,8,25.4,0
52.8,45.8,46.3,20.6,66.9,14.1,35.6,34.8,39.6,6,9.4,8.1,48.7,7,39.4,0
70.2,63.5,77.1,66.6,95.0,83.6,74.1,55.8,73.2,1,-0.9,15.0,63.4,1,83.4,2
37.6,44.5,31.2,36.0,37.0,46.8,40.6,15.0,36.1,1,-3.9,11.3,70.5,8,37.5,0
75.2,58.7,66.3,57.6,69.9,52.5,58.6,65.0,63.0,11,17.4,7.4,77.7,4,69.5,1
24.0,48.1,42.6,36.2,48.3,14.1,25.4,35.9,34.3,4,7.5,9.5,63.3,8,35.8,0
13.8,34.6,15.0,34.7,20.0,21.3,20.0,31.7,23.9,1,-4.4,10.6,74.4,8,18.3,0
74.2,66.4,72.2,75.6,72.4,81.6,61.0,78.7,72.8,1,-0.9,15.0,80.3,0,82.5,2
50.3,75.2,71.4,61.4,50.9,44.1,46.7,58.8,57.4,4,4.3,9.4,65.8,5,61.0,1
10.0,22.5,39.3,41.3,20.0,10.6,54.3,21.6,27.4,3,2.8,9.0,52.6,8,19.8,0
12.3,15.0,29.2,15.0,29.2,19.3,20.0,31.6,21.4,1,-0.3,14.3,77.5,8,20.1,0
54.7,69.2,62.1,55.7,60.7,48.0,58.9,52.4,57.7,1,-1.9,14.3,80.5,5,57.4,0
68.2,72.3,77.9,73.1,51.8,70.6,68.0,80.8,70.3,10,30.6,10.4,73.9,1,83.1,2
42.2,57.1,28.5,46.6,45.3,10.0,55.7,37.6,40.4,3,1.4,9.1,54.0,8,38.0,0
91.0,58.0,72.0,58.3,64.7,62.0,72.4,65.3,68.0,3,5.5,12.1,67.7,2,78.3,2
57.7,58.5,36.3,53.7,74.5,43.9,65.3,67.8,57.2,2,0.5,11.9,62.4,5,55.8,0
53.9,48.0,61.2,40.9,62.7,37.7,52.9,79.0,54.5,1,-1.8,14.0,60.4,5,56.3,0
44.6,75.3,59.0,76.9,55.9,67.7,68.0,51.8,62.4,2,2.7,13.4,65.7,4,64.0,1
36.7,46.1,37.2,15.4,50.8,15.1,40.5,23.3,33.1,9,26.7,9.0,59.2,8,34.6,0
56.2,55.9,45.7,36.6,58.0,49.1,46.6,49.6,49.7,1,-2.6,13.4,78.9,8,46.6,0
26.5,47.1,43.3,50.3,41.4,45.3,34.2,34.7,40.3,15,45.0,8.5,76.3,8,39.1,0
41.4,41.3,55.9,60.7,47.9,55.1,53.9,61.3,52.2,1,-4.4,11.8,76.4,6,52.1,0
52.7,56.8,56.4,27.8,35.9,51.8,41.9,49.7,46.6,2,-1.1,10.3,68.7,8,46.4,0
26.1,43.4,49.6,43.5,21.2,37.4,34.5,20.3,34.5,1,-1.7,13.3,67.1,8,29.2,0
60.0,87.4,61.5,63.9,43.3,64.7,51.4,70.2,62.8,4,7.6,10.8,61.1,2,73.2,1
87.0,86.1,59.2,86.0,80.9,59.3,67.5,100.0,78.2,3,4.8,12.5,56.0,2,81.5,2
87.3,70.8,78.1,64.0,42.6,75.2,51.1,53.2,65.3,4,8.0,11.0,54.2,3,74.0,1
56.0,65.0,40.9,64.8,50.4,35.8,58.8,62.7,54.3,3,3.8,11.0,66.9,5,60.6,1
82.2,54.3,55.6,67.3,67.8,59.5,45.7,34.6,58.4,2,0.4,11.9,56.4,5,64.6,1
50.6,88.4,67.2,79.6,89.2,56.5,95.1,69.3,74.5,5,8.0,10.2,51.5,2,80.9,2
80.7,78.7,77.7,81.0,67.6,46.2,100.0,82.0,76.7,1,-1.6,15.0,54.4,1,85.1,2
49.2,52.4,38.2,53.1,59.8,39.6,62.8,51.8,50.9,3,5.4,11.4,74.2,7,49.8,0
42.8,49.1,33.8,49.5,46.5,42.3,46.0,51.0,45.1,1,-1.6,14.1,83.5,8,42.6,0
66.3,58.8,58.0,62.0,53.6,71.6,54.5,49.2,59.2,2,0.8,12.0,78.3,5,62.7,1
36.5,35.6,30.5,52.0,41.3,60.6,42.3,55.0,44.2,6,13.2,8.9,68.4,7,43.4,0
10.2,38.8,51.9,62.6,28.6,29.2,40.5,30.6,36.6,1,-1.0,14.0,52.2,7,28.8,0
46.6,65.4,58.4,72.5,65.1,39.0,69.7,50.7,58.4,10,15.8,7.9,64.3,4,66.1,1
70.7,61.0,49.3,67.2,63.0,37.0,49.9,61.5,57.4,8,10.8,7.8,66.6,3,64.0,1
17.5,44.4,58.3,55.3,49.3,44.1,35.3,49.0,44.2,2,-2.3,9.1,61.4,8,37.2,0
55.3,48.7,52.5,53.1,60.6,51.4,52.1,53.5,53.4,1,-2.0,13.6,89.6,7,52.9,0
56.8,50.5,88.0,42.4,49.8,40.9,32.5,49.4,51.3,6,12.1,9.3,50.4,7,52.4,0
35.8,31.3,15.8,30.6,35.7,17.5,26.9,59.9,31.7,8,19.9,8.5,59.1,8,25.4,0
59.4,62.5,62.6,84.6,68.8,67.8,66.6,59.6,66.5,1,-3.8,12.7,75.6,2,73.3,1
56.6,43.6,56.6,42.4,49.1,27.9,47.9,30.3,44.3,9,21.8,8.8,67.8,8,46.3,0
59.0,64.8,72.5,80.0,80.5,58.9,71.5,79.9,70.9,9,23.5,10.1,72.7,2,79.5,2
71.4,62.7,65.7,57.6,80.2,69.8,83.3,68.9,70.0,3,2.7,11.1,74.5,1,82.1,2
61.3,78.3,88.8,90.9,85.3,38.7,75.9,73.6,74.1,6,11.6,10.1,48.6,1,79.4,2
49.0,61.7,53.2,42.6,48.4,55.4,42.8,58.2,51.4,3,4.2,10.6,79.2,7,51.5,0
76.9,73.7,48.1,70.0,57.8,95.0,67.4,65.8,69.3,3,2.9,11.1,58.7,2,80.3,2
59.2,68.1,46.7,55.0,55.9,52.7,55.3,53.9,55.8,2,0.4,11.7,81.8,7,58.8,0
66.7,59.7,45.3,66.5,54.7,52.5,52.0,44.5,55.2,1,-3.0,13.4,74.4,6,61.1,1
35.8,47.4,43.4,48.2,52.5,40.2,42.3,38.4,43.5,5,11.6,9.8,83.4,8,39.0,0
50.2,70.5,62.6,63.9,66.6,48.6,40.1,54.2,57.1,1,-3.5,12.5,68.7,4,59.6,0
59.9,72.9,57.8,71.6,78.6,45.8,60.5,55.7,62.8,4,7.3,10.7,67.9,4,66.9,1
79.0,93.2,78.1,84.9,91.6,57.8,79.3,61.9,78.2,7,16.8,10.8,61.9,1,89.1,2
46.1,54.0,43.9,65.0,46.7,44.8,58.8,63.7,52.9,1,-4.8,11.6,73.9,6,52.1,0
66.4,72.2,79.8,80.2,85.8,65.9,88.1,79.5,77.2,2,-1.7,11.1,75.1,0,87.2,2
44.2,63.1,72.2,53.0,62.2,37.4,61.0,66.1,57.4,4,3.4,9.1,65.0,3,58.6,0
43.8,58.3,63.2,58.1,56.2,38.3,66.2,52.9,54.6,1,-1.0,15.0,71.8,6,50.6,0
37.5,21.5,65.5,67.7,55.1,34.9,48.7,46.2,47.1,7,6.3,6.7,53.0,6,44.1,0
50.3,48.9,37.1,53.9,41.2,19.7,34.5,46.4,41.5,2,2.3,12.2,66.9,8,37.0,0
62.1,71.0,42.4,65.1,40.2,62.3,67.3,66.5,59.6,4,4.1,9.4,65.1,2,67.6,1
43.0,59.8,67.6,48.3,48.7,10.0,63.1,65.6,50.8,1,-1.9,14.3,43.8,5,49.1,0
38.4,38.4,42.9,21.9,43.2,22.4,43.2,27.0,34.7,1,-1.4,14.0,72.0,8,32.4,0
58.2,47.7,43.3,47.4,49.3,64.4,54.0,71.0,54.4,1,-4.8,11.3,71.5,6,57.9,0
77.7,61.0,82.4,75.8,72.5,70.8,88.1,67.8,74.5,1,-1.0,15.0,74.6,0,85.7,2
61.7,75.5,58.4,73.7,86.4,72.7,83.7,58.6,71.3,3,2.6,11.4,67.5,2,84.1,2
47.9,15.0,15.0,35.6,26.8,17.1,30.3,15.0,25.3,4,4.0,7.6,63.7,8,24.3,0
24.1,20.7,29.0,49.2,20.0,14.8,20.0,35.8,26.7,1,-1.5,13.1,66.7,8,23.8,0
16.1,19.3,36.8,47.4,57.1,42.4,43.0,48.5,38.8,1,-2.3,12.6,57.2,8,28.2,0
68.3,53.0,82.4,58.4,54.4,51.1,51.4,58.5,59.7,3,4.2,11.5,67.8,6,60.6,1
48.3,39.7,60.3,57.6,45.2,32.5,56.5,28.5,46.1,6,5.8,7.4,64.5,7,48.4,0
10.0,32.8,33.1,20.7,28.1,30.5,24.9,35.4,26.9,4,5.2,8.1,75.0,8,20.7,0
42.1,37.1,57.1,19.1,37.0,10.0,31.6,26.1,32.5,1,-3.7,11.9,56.7,8,28.6,0
51.6,29.4,46.7,41.0,55.0,31.7,50.4,48.0,44.2,8,14.3,7.5,71.9,8,40.6,0
60.1,72.1,58.3,79.5,61.4,48.8,45.8,51.7,59.7,9,28.0,10.5,65.6,4,69.6,1
25.6,53.2,61.6,47.3,41.6,40.7,67.2,45.5,47.8,2,1.9,12.3,61.1,6,42.6,0
26.1,15.0,34.5,36.4,28.9,13.1,44.1,27.2,28.2,4,8.3,9.2,68.6,8,27.1,0
56.6,61.7,49.6,42.0,20.8,49.4,48.3,53.7,47.8,3,2.3,9.9,62.9,7,49.5,0
54.1,62.9,46.4,70.5,66.8,69.9,51.8,62.4,60.6,10,25.5,9.3,73.4,3,69.7,1
77.9,93.5,61.7,80.1,97.8,81.9,80.9,100.0,84.2,3,3.6,12.1,62.5,0,94.8,2
90.9,62.3,73.5,83.8,41.1,52.2,74.7,84.3,70.4,12,37.3,10.0,48.4,2,83.8,2
39.9,66.9,54.0,45.2,44.2,51.6,45.1,69.8,52.1,1,-0.7,14.9,67.1,6,49.7,0
56.2,66.2,76.3,62.3,53.5,72.6,41.6,67.3,62.0,2,3.2,14.0,66.3,3,66.5,1
49.2,21.3,59.8,69.4,49.5,48.8,53.2,50.6,50.2,6,17.5,10.4,59.1,7,50.0,0
64.8,49.2,47.0,51.0,80.7,66.3,67.7,74.5,62.6,6,5.5,7.8,63.0,3,67.9,1
70.3,70.4,40.9,66.8,66.5,24.1,70.2,56.0,58.2,5,11.8,10.8,48.8,3,69.4,1
30.1,62.5,65.7,52.8,57.9,53.6,67.3,54.6,55.6,7,20.1,10.5,65.0,5,58.6,0
44.4,52.3,66.9,65.4,24.5,51.0,69.0,52.9,53.3,5,10.9,10.0,56.3,5,56.0,0
41.4,18.9,33.4,47.6,20.0,10.0,25.2,28.5,28.1,4,10.7,10.3,63.0,8,29.8,0
40.2,38.4,19.6,30.0,35.6,35.7,53.6,33.8,35.9,3,3.4,9.8,71.3,8,32.0,0
42.0,57.8,59.6,64.6,58.1,63.5,56.1,45.7,55.9,3,2.6,10.4,75.9,6,58.3,0
46.9,33.8,19.9,43.1,36.1,25.7,43.2,43.3,36.5,2,-1.3,9.5,71.3,8,34.6,0
29.4,26.3,15.0,23.4,26.3,25.5,20.0,15.0,22.6,4,6.0,8.2,83.8,8,22.3,0
38.0,45.2,42.3,63.4,33.0,51.5,62.2,44.1,47.5,2,1.9,11.9,67.4,6,46.7,0
82.1,69.4,72.6,90.8,72.2,82.5,79.4,71.1,77.5,1,-0.9,15.0,77.8,0,92.3,2
78.8,45.0,53.7,44.6,50.3,65.2,54.6,63.2,56.9,1,-2.9,13.2,65.3,5,57.7,0
21.6,51.2,40.8,52.6,25.5,49.9,22.3,40.7,38.1,9,27.8,9.1,60.6,8,36.5,0
78.1,93.9,61.0,77.5,62.9,56.6,74.8,68.0,71.6,1,-4.3,12.8,64.0,1,79.1,2
53.5,51.0,32.2,35.8,35.8,21.3,21.3,25.8,34.6,1,-1.8,13.0,63.1,8,33.7,0
75.8,76.4,61.4,64.7,42.5,25.9,73.5,66.4,60.8,3,4.4,11.7,46.6,2,68.9,1
46.2,38.0,52.2,36.8,37.1,34.4,62.6,42.1,43.7,2,0.3,11.5,71.2,7,46.1,0
30.1,15.0,32.2,34.1,59.7,41.7,37.5,18.8,33.6,2,-2.3,8.7,58.6,8,27.9,0
70.9,49.7,67.3,59.4,48.3,40.2,60.6,61.1,57.2,1,-3.2,12.9,69.1,4,61.8,1
25.2,38.6,41.9,65.6,52.7,39.1,38.3,41.8,42.9,1,-2.2,13.0,64.6,7,35.5,0
49.2,50.0,57.5,42.2,49.4,47.7,63.4,38.4,49.7,6,5.2,7.3,76.4,7,50.8,0
49.6,56.0,52.8,32.7,47.3,64.3,67.6,51.4,52.7,5,9.9,9.7,67.8,6,52.7,0
51.1,44.5,64.4,43.9,65.6,24.1,49.1,40.0,47.8,1,-2.3,14.0,59.9,6,43.3,0
71.0,86.6,79.8,88.6,69.2,65.6,87.0,69.5,77.2,4,9.0,11.6,71.9,0,86.8,2
49.9,69.0,73.9,46.5,49.8,50.4,64.0,47.4,56.4,4,9.8,11.1,67.5,5,59.5,0
90.9,69.0,96.2,99.5,82.9,62.0,76.5,100.0,84.6,5,12.0,11.8,56.8,0,94.9,2
59.4,26.8,45.6,47.4,50.1,54.3,27.3,53.3,45.5,3,4.8,10.8,63.6,8,46.7,0
51.6,66.7,80.0,54.1,60.3,40.0,80.1,55.2,61.0,2,3.7,14.1,58.1,4,66.0,1
68.0,81.9,73.2,93.1,62.7,74.8,70.5,55.4,72.4,4,6.8,10.8,65.5,1,87.2,2
48.5,50.2,42.3,67.6,39.8,13.8,45.1,57.2,45.6,2,1.1,11.7,53.3,7,44.4,0
42.2,44.4,47.4,39.5,28.2,23.0,43.1,51.1,39.9,1,-4.5,11.1,71.4,8,40.0,0
73.2,69.1,58.8,85.7,92.1,63.4,86.7,95.3,78.0,2,0.5,12.5,58.9,1,85.5,2
52.5,66.8,70.6,66.0,55.5,60.4,45.1,78.1,61.9,6,14.2,10.3,68.1,3,69.1,1
68.6,62.9,72.5,58.0,61.6,19.6,53.1,57.3,56.7,3,3.1,10.3,51.4,4,64.5,1
70.0,53.5,57.8,71.9,44.4,57.0,48.5,65.0,58.5,2,0.6,11.4,70.5,5,60.4,1
62.9,63.9,70.7,37.4,62.2,60.9,72.1,57.4,60.9,7,18.9,10.0,68.0,2,73.8,1
72.1,47.5,59.9,60.3,65.2,84.5,74.3,65.2,66.1,8,8.4,7.5,66.8,2,75.5,1
50.9,74.3,55.5,51.1,31.9,53.9,58.1,35.2,51.4,2,0.8,11.6,60.2,7,54.7,0
76.7,47.8,72.9,69.5,65.7,47.7,61.8,83.1,65.6,2,-0.2,11.7,61.6,2,74.8,1
52.6,83.9,76.7,64.4,88.1,57.9,90.3,82.8,74.6,4,4.4,10.6,56.9,2,78.7,2
11.6,15.0,22.4,28.0,20.0,10.0,20.0,15.0,17.8,1,-3.8,10.4,82.1,8,11.7,0
65.8,72.1,77.2,57.1,96.1,95.3,73.0,62.8,74.9,5,6.8,9.7,57.2,1,88.2,2
67.2,75.9,73.2,49.2,73.8,59.0,72.3,80.0,68.8,6,12.2,9.8,69.7,2,77.0,1
100.0,80.4,73.8,83.0,96.3,79.6,90.9,99.0,87.9,2,-0.9,12.4,70.1,0,100.0,2
60.5,56.6,75.4,85.4,69.9,73.1,64.4,49.5,66.8,1,-2.1,14.2,65.7,2,71.5,1
78.8,70.8,87.0,100.0,59.9,57.7,98.1,88.5,80.1,1,-0.2,15.0,51.5,2,83.2,2
31.7,62.3,47.5,56.3,56.1,50.9,45.4,58.5,51.1,4,9.9,11.0,71.1,7,51.0,0
74.7,79.4,73.7,72.0,98.9,74.9,67.1,60.5,75.2,2,1.7,13.4,66.6,0,88.5,2
89.1,88.3,79.1,81.8,88.7,85.4,73.6,88.0,84.2,3,5.6,12.8,83.2,0,97.3,2
30.4,51.2,31.4,46.9,38.4,48.2,29.5,46.5,40.3,2,1.3,11.4,73.2,8,33.6,0
43.2,90.0,80.9,86.2,56.4,59.1,84.5,74.5,71.8,1,-0.3,15.0,49.3,3,73.1,1
48.2,43.3,34.5,15.0,20.0,10.0,27.0,46.2,30.5,3,1.9,8.4,55.9,8,27.0,0
57.3,58.1,65.8,69.8,40.4,39.7,64.7,89.1,60.6,3,7.0,12.2,52.0,4,61.9,1
67.0,72.1,87.0,50.8,65.9,73.8,79.8,84.2,72.6,4,6.7,10.9,65.2,1,81.9,2
55.5,34.8,42.1,34.8,28.8,60.8,37.1,42.8,42.1,2,1.8,11.7,67.2,7,43.0,0
45.3,53.4,24.5,45.4,42.6,21.9,60.3,51.9,43.2,1,-4.1,11.6,59.4,7,41.4,0
70.7,63.7,62.3,60.9,57.1,30.8,48.5,60.1,56.8,6,6.2,7.8,63.4,3,62.2,1
81.7,59.5,73.2,66.6,49.8,37.4,88.0,94.8,68.9,5,8.1,9.8,41.6,3,73.5,1
19.0,44.2,54.2,39.2,27.3,20.1,35.6,36.9,34.6,6,5.4,6.6,64.0,8,29.0,0
53.4,60.5,61.4,49.9,42.6,56.1,66.3,43.4,54.2,1,-0.9,14.7,74.4,5,60.2,1
49.7,18.8,32.2,15.0,23.6,44.6,20.0,36.7,30.1,1,-4.1,10.9,61.8,8,29.0,0
67.0,81.5,75.9,85.4,79.3,41.2,76.3,100.0,75.8,3,3.3,11.7,49.4,1,78.7,2
43.4,55.8,67.3,66.7,56.9,32.5,40.0,43.8,50.8,7,9.5,7.9,61.8,6,51.8,0
35.1,46.4,15.0,64.1,41.2,20.7,55.7,37.4,39.4,8,10.9,7.1,50.7,7,34.5,0
81.2,60.7,72.5,94.1,64.0,50.6,74.3,61.4,69.8,7,8.7,8.4,59.2,1,79.4,2
54.2,32.1,62.4,57.4,51.0,42.3,71.6,36.8,51.0,1,-4.3,11.8,60.2,6,49.3,0
49.4,64.9,70.2,90.4,87.2,59.1,69.1,60.8,68.9,6,6.8,8.8,58.3,2,73.7,1
41.9,29.8,34.3,40.3,23.9,41.1,51.3,49.9,39.1,8,18.8,8.3,71.8,8,40.0,0
47.1,55.5,54.0,32.6,61.9,17.9,51.6,53.2,46.7,1,-2.5,13.4,56.8,7,44.2,0
59.4,65.8,76.7,73.7,44.8,46.9,60.8,45.3,59.2,2,1.8,12.7,62.2,4,61.6,1
60.5,74.6,75.1,79.7,74.4,81.9,68.9,78.4,74.2,3,6.7,12.8,79.6,0,88.8,2
66.6,48.1,53.9,62.7,73.3,75.4,55.0,66.6,62.7,1,-4.5,12.2,71.1,3,70.9,1
49.4,26.3,52.5,38.3,24.1,56.3,40.6,49.1,42.1,3,1.2,8.8,64.2,8,40.4,0
55.8,57.7,80.0,69.9,67.4,62.2,66.7,56.2,64.5,8,13.9,8.5,75.2,3,66.8,1
16.0,38.3,27.6,34.2,26.3,23.3,20.5,22.3,26.1,8,22.8,9.0,78.2,8,23.4,0
46.8,48.1,84.3,57.4,62.6,47.5,25.9,59.0,54.0,10,33.5,10.1,50.1,6,54.5,0
65.3,60.8,56.2,45.0,40.6,85.6,53.9,66.3,59.2,3,2.6,10.3,58.1,4,69.0,1
29.0,46.7,46.7,26.1,25.8,23.2,45.7,21.8,33.1,2,0.6,10.7,66.6,8,33.3,0
60.8,68.2,86.2,60.5,80.2,95.7,82.6,81.0,76.9,4,5.4,10.8,62.4,0,85.4,2
38.7,21.1,22.7,61.7,37.4,10.0,20.0,23.3,29.4,2,-0.1,10.1,51.9,7,24.3,0
83.1,68.4,60.1,67.0,67.3,66.9,49.5,77.6,67.5,1,-0.1,15.0,69.5,1,78.3,2
70.3,69.8,70.0,85.4,75.2,71.4,82.9,77.7,75.3,5,8.0,10.0,81.6,0,88.7,2
31.3,60.1,28.4,37.5,45.5,50.4,34.6,65.6,44.2,2,-1.9,10.0,59.1,6,40.1,0
51.7,56.8,65.4,54.0,45.0,55.7,63.9,45.6,54.8,1,-3.1,13.1,77.6,6,54.1,0
60.9,79.3,36.1,66.8,74.1,60.0,65.6,50.9,61.7,1,-4.3,12.2,59.5,2,73.8,1
63.0,55.9,71.9,91.3,77.9,72.7,90.5,67.9,73.9,10,33.1,11.1,62.8,1,83.3,2
86.0,88.6,69.6,70.0,74.2,65.6,74.3,72.0,75.0,2,0.9,13.0,75.8,0,88.9,2
25.1,40.1,44.1,33.2,20.1,28.6,45.5,41.4,34.8,3,3.0,9.6,71.7,8,36.7,0
86.4,70.8,57.9,74.1,98.4,57.5,100.0,72.3,77.2,11,25.0,9.8,50.8,2,86.6,2
68.3,48.9,50.2,69.0,83.9,73.5,59.0,88.9,67.7,3,4.0,11.7,56.4,3,70.2,1
73.2,54.3,58.1,52.5,63.9,76.9,68.3,86.6,66.7,1,-0.5,15.0,64.5,3,70.5,1
48.3,63.2,55.1,31.2,42.4,67.8,48.6,62.3,52.4,3,1.4,9.4,63.5,5,55.8,0
55.1,70.7,60.1,61.5,55.3,39.8,47.7,63.6,56.7,1,-0.1,15.0,71.2,4,59.1,0
53.1,62.2,74.9,71.7,60.9,31.8,66.4,61.2,60.3,1,-1.4,15.0,60.0,2,64.3,1
30.4,28.1,32.8,18.1,38.4,32.3,20.0,33.4,29.2,7,9.6,6.7,79.3,8,27.1,0
55.8,50.6,58.6,50.8,48.0,36.4,63.7,50.0,51.7,2,-0.8,11.1,75.7,7,57.8,0
56.9,66.1,53.9,65.9,61.8,68.1,90.3,69.1,66.5,4,5.1,10.2,67.0,2,75.7,1
59.3,53.3,54.6,80.3,55.9,20.4,56.2,61.6,55.2,3,2.4,10.3,50.6,6,52.1,0
80.8,95.7,75.0,38.7,79.1,83.2,77.0,66.0,74.4,1,-3.8,13.4,50.1,1,84.7,2
14.2,15.0,15.0,28.0,27.8,18.9,31.9,39.3,23.8,3,-0.7,7.1,72.0,8,18.6,0
93.2,86.6,69.8,89.5,85.2,46.1,96.3,80.3,80.9,1,-2.6,14.8,51.4,1,91.3,2
59.7,77.0,62.0,48.0,74.4,54.7,51.2,44.4,58.9,2,2.1,12.7,64.5,5,59.8,0
55.0,79.6,71.7,65.5,60.7,64.1,78.6,67.7,67.9,3,0.3,10.0,74.6,1,74.7,1
87.4,59.7,67.4,75.3,86.2,70.9,43.2,63.8,69.2,1,-4.7,12.4,56.8,2,79.2,2
48.6,24.2,33.1,41.1,30.4,46.5,29.5,30.1,35.4,4,11.4,11.1,73.5,8,35.4,0
56.5,49.1,24.3,68.4,41.1,10.0,55.6,64.0,46.1,1,-1.3,14.2,39.8,6,41.5,0
57.5,55.6,26.8,55.1,57.0,40.5,48.3,53.1,49.2,3,3.7,10.7,68.0,8,48.6,0
11.0,54.4,36.3,52.4,51.4,33.8,37.2,52.2,41.1,5,8.6,8.7,55.7,8,34.9,0
55.6,50.2,61.1,50.2,39.1,33.9,33.6,48.1,46.5,2,-0.6,10.4,69.9,7,46.3,0
63.8,58.7,63.1,72.3,67.3,51.3,53.3,68.8,62.3,8,20.3,9.8,77.8,3,67.1,1
68.4,59.0,75.9,54.2,61.3,72.0,40.3,63.9,61.9,4,6.5,10.5,66.5,3,69.5,1
33.2,15.0,15.0,32.5,20.0,10.0,22.8,22.8,21.4,12,15.9,5.3,75.2,8,17.4,0
69.3,49.1,50.1,46.8,46.2,37.2,51.2,62.2,51.5,2,-2.1,9.7,70.2,6,54.9,0
59.7,51.6,57.2,56.9,54.1,56.0,69.8,73.9,59.9,10,25.6,9.5,76.6,6,66.9,1
52.7,70.0,49.9,71.5,72.0,51.1,51.5,56.9,59.4,4,2.1,8.7,70.3,5,62.4,1
32.8,51.2,52.8,18.7,56.4,24.9,29.1,55.6,40.2,5,12.5,10.0,54.0,8,36.8,0
44.9,65.0,56.2,75.9,49.7,81.5,54.8,76.0,63.0,9,26.3,9.9,59.2,4,68.8,1
27.2,27.0,24.1,15.0,30.5,49.4,26.7,45.0,30.6,3,0.1,8.4,66.3,8,29.5,0
13.5,36.0,38.1,36.2,30.1,63.1,28.1,55.3,37.6,7,10.3,7.1,53.4,7,31.0,0
82.0,73.1,67.1,88.2,82.4,77.4,79.8,70.7,77.6,3,2.3,11.2,79.2,0,91.6,2
91.5,69.5,49.6,52.0,73.2,70.9,60.1,56.6,65.4,4,6.8,10.8,58.8,3,79.0,2
96.8,78.6,59.3,77.2,100.0,64.2,86.4,67.7,78.8,3,2.4,11.0,55.5,1,89.1,2
34.3,40.5,69.8,50.4,42.0,61.8,34.5,45.6,47.4,1,-0.3,15.0,61.9,6,42.5,0
51.7,51.0,69.6,60.1,56.3,57.0,49.7,73.9,58.7,3,3.3,10.6,73.5,5,59.4,0
55.0,49.4,16.9,37.8,60.1,33.4,48.9,36.4,42.2,14,28.7,6.9,58.4,7,46.4,0
55.9,39.6,48.7,45.9,54.0,71.2,58.2,55.7,53.6,6,5.4,7.4,71.8,7,53.7,0
51.4,43.0,48.8,30.7,39.4,26.3,55.6,63.4,44.8,5,6.9,8.7,62.6,7,42.2,0
60.0,64.1,59.5,62.0,66.8,46.0,57.8,68.7,60.6,4,5.3,10.0,79.1,3,70.1,1
60.0,57.4,38.5,59.5,53.5,80.4,52.2,40.5,55.2,2,2.1,12.2,61.0,6,59.7,0
26.0,30.0,48.9,35.2,36.1,44.3,47.0,24.4,36.5,1,-1.8,13.5,71.7,8,30.9,0
57.0,72.3,62.9,47.2,59.7,10.0,56.3,66.3,54.0,1,-4.6,11.5,42.4,5,52.1,0
56.3,38.6,65.0,73.9,59.6,60.9,52.5,39.8,55.8,1,-2.5,13.5,63.9,5,55.7,0
67.6,85.0,70.4,64.9,62.8,45.5,74.1,62.4,66.6,4,2.9,9.4,66.2,1,77.7,1
51.3,56.7,49.9,48.4,57.9,29.4,41.3,42.9,47.2,6,12.9,8.9,72.3,8,47.7,0
35.0,20.8,31.7,44.1,27.4,66.8,38.7,50.7,39.4,2,2.5,11.9,56.6,7,32.0,0
44.3,34.1,32.1,49.8,55.5,68.5,52.0,63.1,49.9,1,-2.9,13.0,61.6,6,46.2,0
83.9,91.0,62.0,90.2,76.8,100.0,69.4,83.8,82.1,2,-2.6,11.1,63.1,0,98.5,2
23.8,40.4,33.4,57.6,26.5,29.9,37.4,58.1,38.4,2,-3.1,8.9,60.6,8,30.2,0
63.7,46.5,54.0,68.9,60.4,46.3,78.0,73.8,61.4,3,-1.0,8.7,64.3,3,68.7,1
51.7,62.9,26.8,56.5,61.2,40.1,22.2,36.3,44.7,2,-0.2,10.6,53.2,6,44.2,0
51.1,47.0,45.3,32.5,58.8,64.8,75.4,54.4,53.7,2,-1.0,10.9,60.9,6,52.9,0
62.6,65.9,67.7,57.4,58.6,60.5,81.0,81.9,67.0,9,16.3,8.8,71.3,2,75.8,1
68.7,69.9,85.3,68.6,78.5,94.0,77.9,96.0,79.9,2,2.2,13.7,67.1,0,88.7,2
77.2,47.6,80.7,66.6,69.9,76.3,62.7,69.1,68.8,6,9.5,9.7,68.8,1,83.6,2
71.2,70.4,57.5,59.0,79.4,82.0,69.9,46.3,67.0,4,7.3,11.0,64.2,3,76.6,1
71.8,43.8,53.2,65.1,50.6,36.0,45.7,60.6,53.4,2,-2.1,10.0,64.4,5,58.4,0
67.1,59.6,33.7,52.0,32.0,38.1,61.7,66.0,51.3,6,4.5,7.1,56.2,5,51.9,0
58.4,60.3,38.5,48.1,54.0,46.8,42.3,50.5,49.9,4,3.9,8.8,77.4,7,52.2,0
62.8,64.9,41.1,58.7,63.7,48.3,59.5,92.9,61.5,1,-0.8,15.0,54.7,4,61.7,1
34.2,49.6,51.1,41.8,42.9,55.3,48.2,35.9,44.9,1,-1.8,13.8,77.7,8,39.8,0
92.2,74.4,67.7,68.3,61.8,79.1,66.9,62.7,71.6,5,5.1,9.2,69.8,0,89.5,2
31.2,28.5,33.6,54.8,52.7,27.4,43.8,26.1,37.3,3,2.4,9.2,65.4,8,35.9,0
31.4,23.4,39.3,15.0,24.2,34.5,24.8,30.2,27.8,2,0.7,10.5,77.3,8,25.4,0
77.5,85.3,57.2,86.2,79.2,91.0,52.5,71.0,75.0,1,-2.2,14.6,58.4,2,84.3,2
77.8,85.6,81.4,100.0,72.6,83.2,80.1,67.3,81.0,1,-0.3,15.0,71.0,0,92.3,2
71.3,60.9,81.2,74.6,64.7,60.4,66.4,71.1,68.8,6,13.3,9.7,78.7,0,82.8,2
65.3,67.5,47.8,47.4,60.7,71.5,75.1,63.1,62.3,7,19.4,10.3,69.6,2,75.7,1
85.9,74.0,54.2,67.1,74.5,89.5,81.0,61.2,73.4,3,3.1,11.4,63.7,1,90.0,2
65.8,63.5,45.1,74.3,52.5,75.2,72.9,67.8,64.6,2,1.3,12.4,67.7,2,75.8,1
56.3,64.5,61.4,54.3,62.4,49.7,62.5,51.9,57.9,10,12.9,7.0,83.4,4,62.7,1
35.1,15.0,56.4,30.2,48.9,43.4,24.6,36.4,36.2,4,4.6,8.4,60.1,8,29.3,0
57.6,69.5,78.7,57.7,48.4,47.9,51.4,69.1,60.0,6,5.5,7.8,66.3,5,57.9,0
26.7,53.0,53.1,29.5,34.4,37.0,20.0,54.8,38.6,1,-3.3,12.3,59.7,8,33.8,0
66.0,69.8,87.2,75.3,100.0,76.1,77.4,88.4,80.0,3,2.6,11.4,66.7,0,88.1,2
44.6,51.3,42.5,22.5,26.3,11.8,42.3,37.2,34.8,8,13.3,7.1,60.1,8,34.9,0
21.9,15.0,46.8,48.8,32.1,38.4,21.4,26.2,31.3,2,1.6,11.5,62.9,8,24.7,0
39.2,49.6,48.4,34.9,58.4,29.8,57.4,40.9,44.8,5,8.4,8.9,69.0,8,42.7,0
25.7,40.5,29.7,41.2,53.0,17.7,37.4,39.4,35.6,4,3.6,8.3,67.4,8,26.9,0
63.5,66.4,88.8,63.0,45.0,72.6,61.3,87.3,68.5,1,-1.2,15.0,57.0,1,76.2,1
53.7,57.0,71.6,61.3,63.6,45.9,40.5,49.4,55.4,6,8.8,8.5,69.7,5,59.5,0
23.6,37.0,20.8,42.2,27.2,28.8,44.9,32.0,32.1,1,-0.7,14.0,74.1,8,25.7,0
39.1,37.5,64.0,60.7,55.1,46.9,68.8,41.6,51.7,5,9.7,9.8,63.8,5,53.6,0
30.6,45.9,51.8,26.5,45.2,20.9,28.8,38.0,36.0,15,41.7,7.7,67.3,8,38.2,0
57.4,65.1,73.1,61.3,65.6,63.0,79.4,68.1,66.6,12,18.7,7.7,79.2,1,78.6,2
23.2,44.1,29.9,64.4,26.5,10.0,28.7,30.4,32.2,6,16.9,9.4,51.9,7,35.6,0
67.9,67.2,76.0,71.9,56.1,51.3,53.9,69.2,64.2,3,2.7,10.5,72.7,3,71.8,1
55.7,41.2,48.0,43.5,41.3,67.4,38.1,36.7,46.5,4,5.9,9.4,68.9,7,50.3,0
30.2,46.6,39.0,40.1,50.0,24.4,44.1,63.3,42.2,5,11.0,9.7,64.1,7,38.0,0
73.4,55.6,40.8,36.7,68.2,68.7,51.3,45.7,55.0,1,-0.5,15.0,58.6,5,60.7,1
71.7,95.9,41.3,91.5,82.2,98.4,80.0,93.6,81.8,1,-4.1,13.2,44.0,1,86.5,2
21.7,18.6,54.2,22.7,29.5,15.1,44.9,15.0,27.7,4,0.7,6.8,56.7,8,23.3,0
30.9,38.5,32.4,57.3,47.6,41.8,64.6,45.9,44.9,1,-3.4,12.2,65.1,7,38.8,0
64.4,47.2,74.8,74.6,71.8,38.6,52.7,70.9,61.9,9,24.1,9.8,58.3,3,71.4,1
84.4,63.1,49.3,78.7,66.8,33.8,66.2,56.4,62.3,3,2.0,10.3,51.9,3,67.7,1
10.4,24.2,32.5,41.8,22.9,28.4,30.8,33.4,28.0,2,-0.4,9.9,72.3,8,22.1,0
33.7,54.0,63.7,56.3,63.0,57.9,64.6,54.2,55.9,2,-0.2,11.4,70.3,5,55.2,0
59.6,73.9,41.5,57.4,35.6,42.4,52.7,61.9,53.1,7,13.7,8.9,62.0,6,53.8,0
55.7,41.3,60.8,50.6,64.7,27.9,54.9,52.3,51.0,10,22.3,8.2,65.1,6,52.7,0
68.3,66.7,64.6,64.0,83.3,49.3,55.1,94.1,68.2,1,-2.5,14.2,56.8,2,71.3,1
58.0,47.2,57.8,31.0,60.2,58.0,85.3,34.7,54.0,6,9.3,8.4,49.2,6,58.4,0
60.5,70.3,90.5,45.4,86.7,78.5,78.4,76.0,73.3,4,5.8,10.7,56.4,1,80.0,2
37.5,80.8,58.2,60.1,48.6,52.7,56.7,44.3,54.9,4,3.8,8.8,61.3,6,55.5,0
43.0,24.1,41.2,41.2,34.6,31.8,30.6,43.7,36.3,6,15.4,9.5,78.8,8,35.7,0
86.0,72.9,87.7,77.5,52.7,42.8,59.1,63.2,67.7,1,-2.7,13.9,52.0,3,73.6,1
66.6,87.6,59.1,55.4,70.3,71.8,46.1,55.7,64.1,3,3.1,10.7,61.6,4,71.4,1
65.8,71.5,59.5,59.1,51.3,75.2,73.9,52.3,63.6,2,1.0,12.1,71.7,4,71.8,1
54.8,69.0,65.0,79.6,64.2,52.9,57.8,76.0,64.9,1,-2.1,14.6,71.1,3,64.5,1
59.6,42.9,39.9,75.7,57.2,46.5,53.4,50.3,53.2,1,-4.4,11.9,66.1,7,51.8,0
58.4,87.5,55.5,67.9,72.4,44.1,72.5,71.9,66.3,1,-4.3,12.8,60.3,3,68.1,1
66.3,57.0,39.1,33.8,48.3,47.9,50.3,47.9,48.8,4,8.3,10.3,70.1,7,50.9,0
43.5,40.0,43.5,72.2,38.0,78.7,43.5,47.2,50.8,1,-5.0,11.4,53.5,6,50.3,0
46.5,53.7,52.7,53.1,54.1,63.2,65.4,63.5,56.5,3,1.8,10.0,80.0,5,61.5,1
46.1,51.4,73.2,57.6,72.3,87.8,77.3,52.2,64.7,4,10.7,12.0,55.4,4,70.9,1
30.3,15.0,26.0,27.1,25.7,21.0,22.6,36.4,25.5,9,21.3,7.7,80.9,8,23.1,0
81.5,67.7,82.1,70.3,72.4,53.7,82.3,85.1,74.4,4,10.0,12.6,68.4,1,79.1,2
73.3,57.5,49.1,66.0,65.1,70.3,62.1,53.7,62.1,15,33.0,7.8,75.3,3,73.5,1
61.3,59.7,82.7,35.7,48.2,48.8,55.2,39.2,53.8,1,-3.9,12.2,55.8,6,51.3,0
13.6,21.9,43.1,27.9,25.7,10.0,20.0,24.5,23.3,5,15.2,9.9,70.0,8,21.0,0
69.0,74.8,55.4,62.4,56.8,78.4,66.4,46.3,63.7,1,-4.4,12.1,68.1,3,70.4,1
10.0,34.0,25.6,16.1,21.0,10.0,34.8,20.3,21.5,5,5.7,6.9,71.3,8,17.3,0
32.9,41.8,26.3,64.1,57.4,21.5,56.9,51.7,44.1,2,-1.8,9.6,52.6,7,36.8,0
42.3,39.9,39.2,54.6,47.2,45.1,46.9,41.5,44.6,4,6.8,9.5,84.9,8,41.4,0
30.5,49.9,37.6,39.9,32.4,21.2,52.1,59.7,40.4,2,1.8,11.9,61.8,8,32.2,0
77.4,65.4,73.1,63.4,61.2,71.9,61.9,68.1,67.8,1,-3.1,13.5,82.4,0,82.2,2
83.5,41.7,45.0,68.6,52.5,34.0,47.8,65.7,54.8,5,11.8,10.4,50.8,5,57.3,0
42.7,44.6,66.7,48.9,49.0,44.9,46.0,55.4,49.8,9,8.7,6.2,76.4,7,48.6,0
23.2,40.5,31.7,52.1,40.8,32.4,53.6,49.0,40.4,1,-3.4,11.7,67.6,8,37.1,0
30.7,48.8,23.2,42.4,33.3,32.8,26.9,17.7,32.0,9,13.6,6.4,70.0,8,34.1,0
61.2,79.2,67.6,71.0,68.2,42.5,73.5,61.4,65.6,1,-1.0,15.0,66.9,1,70.5,1
61.5,63.2,67.1,62.2,36.5,49.4,63.1,58.8,57.7,5,8.0,9.4,70.0,3,63.1,1
31.4,64.8,54.0,89.7,61.0,61.5,44.0,57.4,58.0,12,39.9,9.6,49.5,4,61.6,1
86.3,87.4,82.8,67.9,80.9,70.6,99.1,83.8,82.4,1,-3.4,14.1,70.7,0,91.6,2
80.3,57.6,67.8,43.9,60.4,35.1,74.1,57.5,59.6,2,-0.3,11.3,55.3,4,66.4,1
29.7,71.3,63.7,51.6,56.7,41.8,81.2,66.4,57.8,2,-0.2,11.2,50.4,4,52.9,0
31.8,55.3,56.3,65.7,38.7,23.4,38.3,42.4,44.0,2,1.6,11.9,57.9,7,40.1,0
65.2,85.5,66.3,38.1,68.3,32.3,75.9,65.6,62.2,5,4.0,8.8,46.0,2,71.1,1
52.5,34.4,43.2,22.8,38.7,38.7,47.3,52.8,41.3,4,3.5,8.6,70.1,8,36.5,0
75.0,55.8,61.4,59.3,78.5,58.8,58.6,93.0,67.6,13,40.5,9.9,60.4,4,73.5,1
75.8,58.0,59.6,93.6,44.2,68.7,60.6,65.7,65.8,1,-2.0,14.6,56.6,3,71.4,1
43.3,66.6,64.5,64.1,54.4,63.3,66.4,55.8,59.8,3,7.1,12.7,75.7,3,67.0,1
26.5,56.7,35.8,22.1,32.1,39.8,30.0,28.8,34.0,3,2.6,9.3,68.1,8,30.7,0
38.4,38.1,69.4,61.2,64.6,43.4,39.9,45.2,50.0,9,20.5,8.5,61.5,5,48.5,0
37.3,49.9,33.1,62.0,45.8,64.0,39.5,54.9,48.3,1,-2.6,12.7,65.8,6,42.1,0
27.7,16.5,17.3,22.3,20.0,13.1,20.0,24.3,20.2,15,27.7,5.9,86.1,8,22.5,0
48.1,88.7,71.7,70.5,63.6,53.1,60.9,68.1,65.6,3,5.4,12.0,62.7,2,73.5,1
36.3,25.7,43.3,45.6,49.4,60.5,45.5,41.2,43.4,4,5.1,9.0,69.9,7,42.1,0
61.8,64.2,46.7,63.2,77.5,43.5,54.3,39.3,56.3,2,-1.0,10.7,61.8,4,61.8,1
40.0,58.7,57.4,43.1,44.7,41.0,45.5,44.1,46.8,7,8.9,7.4,78.5,8,45.5,0
64.7,74.7,63.1,75.1,55.5,65.4,86.3,37.2,65.2,3,2.5,10.8,55.9,2,76.9,1
53.3,25.3,52.6,46.5,36.8,46.0,46.9,36.1,42.9,4,4.9,8.5,71.5,8,37.7,0
59.4,25.9,25.4,47.3,35.8,34.0,36.5,42.4,38.3,4,5.4,8.8,66.2,8,34.4,0
27.6,68.8,46.7,33.4,58.6,35.5,44.1,43.7,44.8,2,0.2,11.4,59.5,7,37.7,0
68.4,79.4,67.9,48.3,74.2,54.0,76.3,60.3,66.1,1,-4.9,12.0,67.0,2,73.4,1
100.0,79.0,82.5,57.8,70.3,67.1,93.3,50.6,75.1,6,9.9,9.3,49.3,2,88.3,2
45.8,54.6,32.5,45.7,46.0,31.8,54.0,15.0,40.7,2,1.5,11.6,59.9,8,41.8,0
86.2,69.2,88.7,91.6,100.0,69.9,74.8,67.0,80.9,7,13.1,10.1,63.2,0,89.1,2
58.2,26.9,29.3,30.7,40.1,25.0,40.8,51.0,37.8,4,3.6,8.5,64.0,8,33.4,0
42.6,34.4,52.0,46.3,28.4,52.6,32.9,37.0,40.8,2,-0.7,10.2,73.0,8,39.6,0
88.6,75.2,70.9,91.2,83.4,69.6,72.5,82.0,79.2,4,7.1,11.5,75.2,0,93.8,2
64.0,61.0,73.4,75.2,54.0,57.7,79.1,90.9,69.4,4,8.9,11.5,62.8,2,75.1,1
69.8,71.2,74.7,61.2,56.4,69.5,79.7,79.1,70.2,5,10.1,10.5,75.7,1,79.7,2
47.6,56.4,21.5,39.6,34.8,19.0,60.5,49.6,41.1,7,22.5,10.2,54.2,7,40.2,0
87.2,74.0,78.1,59.0,64.4,68.9,85.1,70.4,73.4,1,-4.3,13.0,70.8,1,84.5,2
42.9,40.6,42.5,72.1,60.2,64.1,48.1,67.3,54.7,11,35.2,9.6,62.3,4,55.6,0
44.3,60.1,56.1,57.2,50.7,43.6,52.2,65.0,53.6,2,0.7,11.5,77.7,6,51.6,0
27.6,49.0,40.5,31.0,58.2,48.4,42.3,61.8,44.8,7,13.1,8.5,64.0,7,38.9,0
29.6,37.4,28.6,52.8,40.0,33.6,48.0,35.2,38.2,1,-0.0,14.9,74.5,8,34.8,0
88.0,73.3,89.7,84.2,74.6,83.0,70.6,64.9,78.5,1,-4.4,12.9,73.3,0,90.2,2
72.5,71.5,79.8,82.4,76.9,62.5,64.1,85.0,74.3,3,1.1,10.2,75.4,0,83.3,2
17.1,20.0,18.7,24.8,24.9,60.7,25.8,40.6,29.1,2,2.7,11.8,56.0,7,25.1,0
19.1,51.6,64.3,38.4,40.8,40.8,20.0,40.2,39.4,15,18.1,5.5,55.3,7,36.8,0
29.4,32.8,15.0,23.4,24.7,21.9,39.7,28.9,27.0,1,-2.4,12.6,77.6,8,24.6,0
57.6,39.6,49.6,75.6,61.0,62.8,37.5,32.4,52.0,1,-3.3,12.5,55.6,5,56.9,0
24.8,38.5,16.6,26.9,30.2,24.6,37.3,40.8,30.0,1,-4.4,10.7,75.0,8,27.8,0
39.7,49.8,61.4,45.3,63.4,42.5,53.4,59.2,51.8,1,-4.4,12.0,73.2,6,48.2,0
70.7,70.3,73.4,68.4,72.1,52.6,74.8,82.0,70.5,4,4.1,10.3,75.0,1,81.1,2
52.1,36.5,36.5,45.4,57.2,49.8,37.6,59.8,46.9,3,2.2,9.8,72.0,8,47.1,0
76.8,44.1,52.7,82.4,69.9,48.8,76.8,70.5,65.2,2,0.4,11.9,56.4,3,69.4,1
60.4,70.3,53.6,67.3,47.6,45.7,80.7,52.9,59.8,1,-3.8,12.8,63.6,4,64.0,1
85.7,86.5,73.0,88.5,73.3,57.1,84.5,72.9,77.7,1,-4.6,12.6,68.1,1,85.9,2
34.4,20.4,36.7,30.3,25.0,15.8,25.3,29.3,27.2,1,-0.4,14.0,79.1,8,24.2,0
10.9,18.5,50.3,26.0,22.8,34.3,26.1,32.2,27.6,5,9.0,8.1,64.7,8,21.5,0
61.0,27.6,44.5,34.0,60.3,47.9,57.3,27.4,45.0,6,15.8,9.8,57.9,6,50.8,0
55.6,29.5,55.9,73.9,40.4,44.5,51.5,40.4,49.0,6,18.0,10.7,59.7,7,48.9,0
39.0,62.8,67.9,67.4,49.5,55.7,67.4,61.7,58.9,13,22.2,7.1,69.2,3,63.9,1
61.2,20.1,35.6,56.2,32.1,34.4,30.6,48.5,39.8,8,13.3,7.3,57.9,7,40.8,0
22.0,15.0,16.0,39.0,34.6,24.2,33.0,44.2,28.5,3,3.7,9.3,67.7,8,21.8,0
61.9,88.6,100.0,74.4,75.0,66.5,100.0,65.8,79.0,2,-3.0,11.0,54.3,0,86.9,2
37.1,48.1,44.0,50.7,27.8,31.6,35.0,56.9,41.4,9,17.2,7.7,69.7,8,39.2,0
63.5,79.1,76.5,88.3,79.5,68.9,68.0,79.0,75.4,4,5.8,10.8,76.0,0,90.6,2
34.4,44.3,24.1,56.8,41.8,40.3,42.5,30.6,39.3,2,-2.5,9.3,70.5,8,33.9,0
49.9,52.5,49.0,58.1,66.0,63.5,60.2,34.3,54.2,3,5.6,11.6,69.6,5,59.6,0
33.8,26.3,60.7,64.9,45.6,40.1,30.8,49.1,43.9,15,45.0,8.3,58.4,6,46.1,0
77.2,74.1,84.8,86.4,80.4,64.9,83.3,68.3,77.4,7,22.8,12.1,76.6,0,91.9,2
43.5,43.1,45.0,63.6,30.7,22.1,24.4,29.5,37.7,2,-2.1,9.6,58.8,7,34.9,0
40.6,15.0,51.6,38.8,22.2,42.5,41.2,40.0,36.5,11,35.4,8.9,64.5,8,35.4,0
67.7,68.4,55.7,70.9,59.0,72.8,86.3,76.0,69.6,14,36.0,9.5,71.3,2,78.8,2
58.8,42.2,40.4,59.0,43.8,53.6,60.3,52.2,51.3,1,-4.7,11.1,75.7,7,50.0,0
58.6,66.3,99.6,82.2,66.9,71.7,80.4,78.0,75.5,8,25.1,11.2,62.2,1,84.9,2
82.4,71.8,73.3,78.8,73.4,92.1,72.8,100.0,80.6,8,22.0,10.7,68.8,0,94.2,2
88.3,76.7,67.2,57.4,70.6,58.1,59.7,77.1,69.4,1,-0.5,15.0,67.2,3,77.5,1
58.9,70.8,74.9,74.6,80.4,55.0,53.9,69.0,67.2,4,7.1,10.6,70.1,3,70.8,1
55.0,70.6,67.8,43.4,58.9,58.1,52.5,42.4,56.1,2,-1.6,10.3,69.6,6,57.4,0
31.4,28.1,28.2,55.0,44.3,50.6,34.9,62.4,41.9,4,6.2,9.4,60.6,7,39.5,0
49.5,52.2,60.8,42.2,40.4,54.3,48.8,49.8,49.8,9,26.5,9.9,80.6,7,49.5,0
91.0,86.3,92.3,60.6,72.6,42.0,73.2,60.9,72.4,3,5.9,12.6,47.8,1,81.3,2
65.9,38.9,49.2,61.5,66.2,26.1,41.7,54.6,50.5,2,-0.5,11.1,57.2,5,52.2,0
25.5,15.0,18.1,31.8,25.2,13.3,20.0,27.2,22.0,9,18.4,6.7,80.8,8,18.9,0
46.4,63.6,69.2,72.1,59.4,62.3,73.1,63.8,63.7,13,17.1,7.2,74.5,2,72.5,1
45.3,77.7,62.4,48.0,50.6,22.0,57.3,43.7,50.9,1,-3.2,12.9,51.8,6,44.4,0
79.4,48.9,41.3,73.6,59.7,51.8,68.1,47.9,58.8,9,10.6,7.1,59.2,5,63.9,1
58.2,66.5,16.0,56.1,49.6,56.7,55.5,56.0,51.8,1,-4.8,11.4,54.5,7,53.6,0
57.7,52.3,54.1,55.0,45.6,45.0,52.2,58.4,52.5,2,0.4,11.4,85.0,8,52.1,0
56.2,42.8,68.2,53.0,33.1,52.5,61.2,62.1,53.6,5,8.5,9.4,66.3,5,53.7,0
64.1,100.0,66.8,61.6,64.0,71.9,74.7,52.4,69.4,6,15.9,11.1,57.9,1,87.1,2
38.2,38.3,28.2,51.5,37.4,10.0,24.5,25.2,31.7,5,11.7,9.4,62.7,8,29.2,0
33.9,57.8,50.5,45.1,61.5,55.9,45.0,63.8,51.7,1,-1.3,14.6,70.0,6,44.4,0
10.0,36.1,48.9,53.2,29.5,15.1,44.6,24.1,32.7,1,-1.9,12.9,52.7,8,26.0,0
49.4,64.4,50.1,48.1,69.2,48.6,91.3,60.8,60.2,10,24.8,9.0,55.2,4,62.3,1
60.2,82.7,64.7,62.8,57.5,42.4,66.2,89.6,65.8,1,-4.3,12.1,56.0,2,73.6,1
22.9,63.1,28.8,44.7,33.6,52.5,32.0,15.4,36.6,1,-3.1,12.4,52.7,7,36.3,0
64.3,53.5,49.1,61.5,58.3,39.6,82.8,61.2,58.8,7,15.0,9.5,62.3,4,68.5,1
52.9,87.9,74.4,73.8,70.1,77.1,61.6,73.2,71.4,4,3.5,9.5,68.8,1,78.4,2
36.4,40.5,66.9,58.5,44.5,75.3,51.4,35.5,51.1,2,-0.6,10.6,56.1,6,53.0,0
79.4,68.3,74.0,70.9,57.7,35.2,64.7,62.1,64.0,1,-4.0,12.7,59.6,2,70.3,1
27.6,15.0,15.0,16.5,20.0,16.3,28.8,15.0,19.3,8,9.4,5.9,82.8,8,18.8,0
25.9,50.0,32.8,23.9,28.4,41.6,32.5,44.6,35.0,15,38.8,7.5,71.8,8,34.0,0
50.2,46.1,51.3,33.4,44.5,29.0,61.5,40.4,44.6,1,-3.7,12.2,69.0,7,46.1,0
30.4,36.9,49.3,46.4,42.8,39.2,46.8,43.4,41.9,3,0.1,8.8,81.5,8,39.5,0
39.9,50.4,15.0,65.4,26.3,34.3,41.6,47.0,40.0,2,2.9,12.2,54.0,7,37.1,0
46.3,50.8,18.8,35.1,49.3,19.8,38.9,40.7,37.5,7,13.8,7.8,62.9,8,38.0,0
55.0,64.8,38.0,75.9,53.6,43.3,46.4,59.3,54.5,2,-0.1,10.9,63.3,6,54.8,0
98.2,56.2,70.5,71.3,94.4,77.6,58.6,93.0,77.5,5,7.1,9.8,51.3,2,88.4,2
48.2,89.5,47.4,73.1,55.7,62.6,64.6,72.0,64.1,3,-0.4,9.7,57.8,3,69.2,1
54.3,50.8,60.2,61.6,56.4,32.6,60.6,78.5,56.9,3,5.9,11.7,61.7,4,58.2,0
49.4,88.9,63.8,61.7,61.5,74.7,69.7,67.7,67.2,7,17.4,10.1,65.6,1,75.3,1
68.8,78.4,57.5,73.4,71.3,82.6,64.0,86.3,72.8,3,4.1,11.7,71.4,1,83.7,2
83.7,86.7,84.4,60.1,100.0,79.6,85.9,82.6,82.9,7,12.1,9.8,67.0,0,95.5,2
77.2,51.3,32.9,39.6,32.9,30.8,52.5,60.3,47.2,2,-0.7,10.7,51.3,6,47.7,0
44.6,46.8,45.3,25.2,40.1,28.3,51.6,40.8,40.3,1,-4.3,11.5,72.6,8,39.3,0
22.9,18.7,15.0,36.7,20.0,10.0,41.7,41.3,25.8,3,-0.4,7.5,63.0,8,17.9,0
78.5,55.5,45.9,48.6,61.0,50.9,44.7,80.1,58.2,3,0.6,9.9,57.9,5,58.6,0
64.6,62.1,59.3,83.7,44.4,73.1,78.5,62.6,66.0,3,7.1,12.8,63.2,2,74.7,1
80.5,72.8,49.8,63.8,71.8,42.7,61.6,60.5,62.9,6,16.8,10.7,62.9,2,74.6,1
59.2,37.1,56.0,64.8,64.8,32.3,41.5,40.2,49.5,3,2.7,10.1,60.7,6,50.9,0
73.1,78.8,62.5,54.9,69.3,70.6,65.8,74.2,68.6,8,23.2,10.4,77.6,1,82.8,2
10.0,20.8,44.1,15.0,20.0,31.4,30.5,28.3,25.0,3,3.9,9.1,67.7,8,18.0,0
76.8,62.9,49.9,49.5,56.2,39.8,71.1,38.5,55.6,1,-3.4,12.7,58.4,5,59.6,0
64.4,82.1,31.7,85.6,81.2,71.5,63.5,98.0,72.2,1,-0.7,15.0,40.1,1,79.3,2
28.8,41.2,15.0,59.4,33.5,13.9,20.2,34.8,30.8,8,15.6,7.2,54.7,8,28.3,0
23.1,33.2,18.0,40.4,31.1,23.1,20.0,29.2,27.3,1,-2.3,12.6,77.4,8,23.2,0
44.1,58.1,97.0,40.0,70.9,24.8,59.5,70.9,58.2,1,-1.9,14.2,33.3,5,54.1,0
24.2,50.3,39.2,28.3,32.2,39.8,41.7,33.2,36.1,1,-4.1,11.4,75.2,8,32.7,0
66.7,54.9,78.2,46.2,64.1,56.9,76.5,81.0,65.6,2,-2.5,10.3,62.7,3,69.4,1
12.6,25.0,49.5,37.0,43.1,23.1,40.7,23.0,31.8,3,6.3,11.1,62.2,8,28.7,0
46.5,45.8,34.6,47.2,53.1,42.9,59.0,47.2,47.0,1,-4.1,11.9,78.7,8,42.3,0
59.1,51.1,25.4,46.2,52.5,38.5,33.0,45.9,44.0,3,2.4,9.8,66.9,8,44.7,0
65.1,79.8,65.1,44.2,63.2,39.8,75.9,51.1,60.5,2,-1.0,10.9,57.0,3,63.9,1
43.8,40.9,15.0,25.6,44.4,40.2,51.7,30.6,36.5,6,17.2,9.9,64.3,8,38.0,0
50.5,84.3,72.7,62.8,57.9,50.5,56.9,55.4,61.4,7,12.7,8.9,64.9,5,63.2,1
17.7,44.3,36.5,45.4,30.4,31.1,29.0,31.2,33.2,5,10.1,9.0,73.3,8,29.3,0
63.6,47.4,58.7,36.9,52.9,25.2,59.1,45.8,48.7,3,5.4,11.3,61.6,7,48.6,0
32.4,52.3,42.5,46.3,53.5,32.2,22.3,55.9,42.2,1,-0.5,14.6,63.8,8,31.8,0
72.9,71.8,77.1,85.5,73.8,63.3,68.0,78.6,73.9,7,11.8,9.3,79.8,0,84.0,2
61.2,67.2,64.4,33.4,69.9,45.1,54.3,62.4,57.2,2,-0.3,11.6,62.9,3,65.2,1
54.1,32.8,50.0,68.1,47.6,48.6,45.5,55.7,50.3,2,-1.8,9.8,70.1,7,49.1,0
100.0,64.8,80.2,89.0,100.0,42.6,78.3,79.3,79.3,9,12.0,8.4,43.3,1,92.2,2
60.9,51.1,27.5,57.6,42.5,32.1,35.8,34.4,42.7,13,22.2,6.6,62.8,7,42.5,0
25.2,66.6,48.6,41.0,59.7,51.9,45.1,34.2,46.5,8,11.9,7.6,60.0,7,46.0,0
37.4,64.2,68.0,53.3,34.5,66.2,35.0,53.7,51.5,15,45.0,8.4,57.4,5,56.0,0
19.8,29.0,40.9,50.1,25.4,13.2,24.1,15.0,27.2,8,13.5,7.2,62.0,8,25.6,0
43.0,49.9,46.9,26.1,32.4,29.9,37.2,15.0,35.0,5,5.8,7.5,65.2,8,34.3,0
82.2,96.9,68.9,91.0,94.1,80.8,95.2,87.5,87.1,2,0.7,13.1,71.8,0,98.9,2
64.4,52.9,45.1,56.0,63.9,51.9,62.0,57.1,56.7,11,22.7,8.1,80.0,5,61.0,1
37.9,59.6,29.0,36.5,22.4,21.0,56.8,60.8,40.5,8,14.8,7.7,50.6,7,37.0,0
34.5,58.8,31.5,45.9,54.8,35.2,39.0,39.7,42.4,1,-0.4,15.0,70.3,8,37.6,0
42.9,67.2,34.0,56.6,38.5,13.5,46.6,62.9,45.3,3,2.2,10.0,48.0,6,41.0,0
56.3,99.0,76.4,70.0,83.2,66.5,80.5,72.1,75.5,1,-0.7,15.0,62.0,1,82.5,2
15.6,45.0,28.0,23.4,36.9,10.0,36.4,38.5,29.2,11,15.7,5.8,63.6,8,25.2,0
24.2,20.1,53.3,49.0,41.0,44.0,42.4,44.7,39.8,3,4.5,10.5,65.2,8,36.7,0
38.2,55.6,47.2,59.2,58.4,36.1,51.0,57.1,50.4,1,-2.9,13.0,72.8,8,43.1,0
55.8,52.4,39.3,70.5,66.5,50.9,59.5,71.2,58.3,2,2.1,13.3,67.2,5,59.3,0
30.2,29.4,32.6,15.0,27.7,25.4,20.0,30.2,26.3,14,22.6,5.5,82.1,8,25.1,0
68.0,65.7,38.9,56.3,49.6,60.4,70.4,50.6,57.5,4,7.6,10.9,67.8,4,68.7,1
87.1,76.2,83.4,70.0,79.9,85.5,93.9,82.5,82.3,2,2.7,14.3,78.4,0,99.1,2
89.3,64.4,64.8,96.9,84.6,63.3,72.3,82.0,77.2,3,3.2,11.5,61.7,0,86.8,2
53.7,50.0,57.5,57.0,41.7,47.3,49.8,54.2,51.4,1,-1.1,14.8,84.1,8,50.2,0
17.8,25.7,15.0,26.7,36.1,10.0,20.3,27.2,22.4,1,-4.0,10.9,75.4,8,19.2,0
52.2,26.4,36.7,21.7,20.0,43.5,21.6,15.0,29.6,4,5.2,8.2,60.9,8,30.5,0
70.8,62.2,60.2,58.8,48.4,40.4,71.0,78.4,61.3,3,3.1,10.7,62.7,3,65.0,1
24.6,31.6,20.6,36.1,20.4,30.8,20.0,15.0,24.9,2,-2.2,8.5,78.4,8,24.5,0
57.8,54.6,36.4,33.8,58.8,61.0,64.1,49.6,52.0,3,0.0,9.2,66.2,6,56.9,0
41.4,53.9,60.7,43.2,32.8,39.7,33.1,29.3,41.8,1,-3.9,11.5,67.5,7,40.1,0
64.3,67.1,55.2,60.0,61.0,56.1,47.9,70.1,60.2,11,32.9,10.1,78.6,3,73.2,1
67.3,76.8,68.4,71.4,77.2,53.6,63.5,69.8,68.5,2,2.1,13.1,77.3,1,78.7,2
71.3,62.8,53.3,75.7,77.5,57.3,82.8,73.1,69.2,1,-3.0,13.6,69.0,2,78.7,2
65.2,100.0,100.0,64.2,69.8,39.1,68.5,81.9,73.6,1,-2.1,14.9,39.6,1,81.2,2
41.9,67.6,62.9,44.0,57.9,54.5,60.1,82.2,58.9,1,-4.5,12.1,61.3,4,58.6,0
45.3,88.9,62.0,65.9,67.6,83.3,71.6,66.2,68.8,1,-1.7,15.0,60.2,1,76.6,1
70.7,53.4,67.0,77.2,82.5,50.4,62.9,50.1,64.3,2,0.2,11.7,63.1,3,69.4,1
33.8,49.2,62.0,64.7,53.4,46.7,68.9,50.3,53.6,5,5.5,8.4,66.1,5,50.0,0
26.0,20.1,27.3,19.3,37.0,10.0,20.0,15.0,21.8,2,-1.9,8.6,75.3,8,19.5,0
63.1,100.0,71.8,67.7,84.4,71.1,78.6,72.2,76.1,2,2.5,13.9,65.2,0,84.0,2
66.9,78.5,84.4,72.0,79.6,60.8,89.8,61.3,74.2,10,19.7,9.2,68.0,0,91.5,2
43.1,44.0,50.1,36.0,45.7,58.1,45.2,42.0,45.5,2,0.9,11.7,80.7,8,46.6,0
48.6,62.1,46.5,58.1,54.6,57.4,47.4,26.5,50.2,6,6.0,7.3,66.8,7,50.6,0
12.6,30.9,20.3,43.8,21.0,44.4,37.7,43.8,31.8,1,-2.6,12.2,62.5,8,30.4,0
42.4,48.8,32.6,46.0,46.4,24.3,45.1,51.5,42.1,1,-3.9,12.1,72.7,8,36.8,0
58.1,52.8,65.0,52.5,65.3,62.2,57.5,81.0,61.8,3,5.2,11.6,72.5,4,64.7,1
19.4,41.3,42.5,27.4,32.2,39.6,22.4,48.2,34.1,1,-4.0,11.3,69.0,8,27.7,0
52.8,49.3,52.4,32.3,32.4,26.3,45.2,51.1,42.7,9,10.6,6.1,68.0,8,40.2,0
35.2,65.8,56.5,47.2,53.2,66.6,58.3,54.4,54.6,1,-2.2,13.9,69.6,6,52.6,0
48.6,47.3,48.9,50.4,44.8,51.6,47.6,57.5,49.6,4,7.1,10.1,88.6,8,50.2,0
52.7,28.4,21.6,49.9,42.5,52.8,34.4,27.5,38.7,4,2.0,7.6,62.9,8,35.8,0
60.2,32.4,74.5,84.2,76.7,50.0,77.6,69.2,65.6,1,-0.7,15.0,48.4,2,68.2,1
12.7,15.0,20.8,15.0,20.0,10.0,20.0,15.8,16.2,5,13.0,8.8,88.5,8,13.9,0
77.3,72.1,52.7,76.8,71.0,68.7,70.7,54.3,67.9,3,2.6,11.2,71.8,2,79.6,2
28.8,39.7,52.4,49.2,35.5,51.0,33.0,33.3,40.4,5,15.8,10.8,72.3,8,36.6,0
53.9,53.1,46.3,43.5,51.5,55.3,52.9,64.6,52.6,7,16.1,9.3,81.2,7,52.6,0
65.6,90.8,56.3,61.2,65.2,39.2,61.3,53.1,61.6,2,0.9,12.1,56.4,3,72.7,1
47.2,59.6,60.2,69.7,46.3,72.1,69.6,44.3,58.6,3,3.0,10.4,65.8,4,61.6,1
65.4,43.8,56.1,53.8,83.6,46.0,49.0,51.8,56.2,2,0.9,11.9,61.3,6,58.2,0
58.6,62.4,70.8,28.6,68.2,35.3,38.1,63.1,53.1,1,-2.5,13.5,50.7,4,54.3,0
47.9,60.5,62.5,23.1,69.1,38.2,69.7,59.5,53.8,1,-2.5,13.6,51.2,4,52.6,0
79.0,54.8,63.1,69.5,55.4,39.7,57.8,62.6,60.2,12,36.2,9.9,65.5,4,69.4,1
60.0,72.8,30.7,70.0,48.8,29.9,84.8,68.8,58.2,3,3.8,11.5,39.9,3,60.4,1
41.7,39.3,44.8,36.7,28.7,26.7,43.8,42.7,38.0,1,-2.1,12.9,79.3,8,36.4,0
65.2,85.8,58.7,79.6,77.0,44.0,80.8,89.2,72.5,1,-4.1,13.1,54.0,2,75.8,1
35.5,21.5,50.5,22.2,38.2,39.6,51.6,34.4,36.7,2,3.7,12.8,66.6,8,36.0,0
67.8,77.6,74.9,59.0,64.7,76.0,52.8,68.5,67.7,1,-4.3,12.7,74.1,2,73.8,1
67.0,79.4,60.2,68.7,45.9,61.4,50.5,77.8,63.9,2,1.0,12.3,64.4,2,72.8,1
10.0,58.7,48.7,48.1,30.0,33.0,39.0,43.2,38.8,1,-3.6,11.7,55.6,8,31.3,0
76.5,58.2,76.3,67.2,68.8,41.6,68.4,53.8,63.8,1,-2.0,14.8,64.2,3,68.1,1
61.5,62.1,66.3,44.4,58.1,67.8,55.9,52.0,58.5,4,10.4,11.9,76.9,4,65.1,1
62.6,59.7,38.4,64.1,54.5,80.1,68.2,48.9,59.6,9,28.3,10.3,62.2,4,65.6,1
53.6,56.5,48.5,49.7,40.1,62.3,50.6,43.0,50.5,2,-0.1,10.9,78.7,7,49.3,0
65.6,60.1,45.7,47.5,77.8,35.7,72.4,65.4,58.8,7,13.3,9.0,56.6,3,65.0,1
11.3,29.4,23.4,15.0,43.1,30.7,31.7,58.9,30.4,1,-2.3,12.9,54.4,8,23.2,0
39.0,55.5,47.7,60.3,61.8,42.3,52.3,51.1,51.2,6,14.5,9.8,75.9,6,52.3,0
35.9,30.2,50.9,26.6,35.3,23.1,47.2,40.8,36.2,1,-4.6,10.6,71.0,8,31.6,0
79.3,83.5,80.0,78.4,63.7,68.8,65.6,90.0,76.2,7,7.7,8.5,72.4,0,86.5,2
44.8,46.6,59.5,57.2,62.1,78.8,54.1,72.4,59.4,8,8.6,7.0,64.9,5,55.3,0
59.4,40.7,60.1,36.9,64.5,46.7,42.4,64.6,51.9,6,5.9,7.5,65.8,5,54.8,0
60.1,78.6,52.3,68.8,78.5,50.1,81.2,54.2,65.5,6,11.9,9.7,61.4,3,71.4,1
89.6,100.0,58.7,66.7,85.3,74.4,100.0,60.9,79.4,3,1.3,10.8,50.1,1,88.3,2
56.6,63.8,21.8,24.5,42.6,19.3,44.4,35.2,38.5,2,-0.2,10.6,51.0,7,38.5,0
63.3,60.2,62.5,39.3,60.3,43.5,65.8,62.0,57.1,4,8.4,11.0,70.3,2,67.3,1
65.5,71.6,70.5,59.4,64.4,66.3,58.7,50.0,63.3,3,6.1,12.0,78.9,3,73.6,1
48.9,49.9,67.2,77.7,40.2,52.8,55.6,36.9,53.6,1,-4.8,11.6,59.8,6,53.5,0
27.5,25.0,15.0,21.4,24.1,44.9,20.0,15.0,24.1,3,1.0,7.8,71.5,8,21.4,0
68.6,60.4,81.7,89.2,61.4,62.6,53.7,100.0,72.2,4,2.6,9.2,51.3,1,79.6,2
65.7,83.8,93.0,87.8,91.6,44.2,77.1,66.3,76.2,1,-1.5,15.0,50.1,1,81.6,2
58.8,86.3,79.7,79.5,70.6,43.2,64.9,94.6,72.2,4,8.1,11.5,50.9,2,74.6,1
61.2,90.7,84.2,87.4,69.2,73.7,64.7,64.0,74.4,4,7.9,11.2,65.4,0,84.2,2
34.5,46.8,58.8,68.3,49.8,28.2,48.7,57.8,49.1,1,-4.2,11.7,60.9,7,43.5,0
47.7,57.7,36.8,56.1,32.2,18.7,31.1,37.6,39.7,2,-1.0,10.0,60.1,8,39.4,0
33.3,26.7,15.0,15.0,24.0,10.0,24.1,20.2,21.0,12,29.6,6.8,77.5,8,22.7,0
77.4,68.1,46.4,63.3,70.1,73.1,62.8,75.6,67.1,8,10.0,7.9,70.4,1,79.9,2
84.4,59.5,49.3,46.5,65.2,43.6,66.0,50.0,58.1,2,-0.5,11.0,59.3,5,65.2,1
50.2,75.6,52.9,71.8,63.3,38.0,47.8,41.6,55.2,2,1.7,12.4,58.8,5,62.1,1
50.5,43.6,41.5,41.2,45.8,55.8,42.1,34.4,44.4,1,-2.0,13.5,80.6,8,44.5,0
13.2,28.7,27.7,53.3,20.0,39.3,20.0,18.8,27.6,1,-0.9,13.7,60.8,8,22.8,0
79.5,59.5,52.8,81.9,74.1,96.2,93.4,82.2,77.4,2,-0.0,12.6,54.8,2,85.9,2
57.0,73.7,83.0,73.6,91.5,85.5,73.1,51.5,73.6,10,21.7,9.3,59.0,2,84.2,2
81.7,78.4,84.5,69.2,76.0,81.5,70.8,78.1,77.5,12,19.9,8.1,84.0,0,90.5,2
73.5,69.8,80.9,74.4,98.7,58.7,77.4,92.4,78.2,6,15.8,11.3,62.2,1,87.2,2
35.1,49.7,45.5,63.7,51.9,62.5,59.5,53.7,52.7,2,0.4,11.8,71.5,6,53.7,0
47.9,36.9,60.5,56.0,78.4,67.1,61.0,48.4,57.0,1,-3.3,12.9,61.6,4,62.3,1
70.4,43.9,49.6,44.2,40.0,69.7,54.8,73.0,55.7,4,2.8,8.5,59.7,5,59.3,0
52.6,64.8,53.9,43.9,43.8,45.1,46.7,65.9,52.1,4,8.1,10.3,73.0,6,53.4,0
56.7,32.7,66.6,72.7,52.4,35.6,47.6,53.1,52.2,2,0.7,11.4,58.8,6,51.7,0
62.7,70.9,58.7,87.5,71.5,42.2,31.1,52.2,59.6,5,8.2,9.6,46.6,4,63.0,1
33.4,47.1,38.9,31.9,43.0,45.7,31.1,43.5,39.3,5,11.6,9.4,80.7,8,41.6,0
57.8,85.7,47.1,69.3,38.8,42.1,72.8,45.6,57.4,6,12.9,9.6,49.3,5,62.6,1
34.3,44.8,43.9,23.4,26.3,29.8,35.8,16.5,31.8,3,-0.7,7.7,70.6,8,29.9,0
40.7,65.7,62.5,50.6,42.9,35.8,43.9,59.6,50.2,6,15.4,10.1,66.6,6,53.4,0
67.8,63.8,61.1,45.1,45.2,50.1,55.7,53.0,55.2,1,-4.3,12.2,74.7,5,57.6,0
88.4,75.5,61.2,87.5,75.0,72.9,70.5,50.2,72.6,4,3.4,9.9,62.1,1,82.8,2
35.0,48.6,30.3,46.0,20.0,37.3,48.2,45.3,38.8,1,-0.2,14.8,69.6,8,35.9,0
35.4,57.1,20.6,52.4,52.3,47.7,51.7,59.9,47.1,2,0.1,10.8,61.1,8,44.3,0
36.5,48.8,37.7,58.6,53.4,21.4,38.0,53.9,43.5,1,-2.4,13.2,63.1,8,37.0,0
85.9,79.9,72.8,53.5,81.3,56.1,66.0,58.7,69.3,1,-1.4,15.0,62.6,3,75.9,1
32.1,71.1,43.4,35.7,27.5,27.1,26.4,15.0,34.8,15,40.8,7.8,49.7,7,34.6,0
55.8,50.2,50.3,55.2,38.8,29.1,42.2,50.2,46.5,2,3.4,13.1,72.6,8,42.4,0
70.0,74.0,89.2,67.3,83.0,53.9,67.8,64.1,71.2,10,10.5,7.3,67.0,1,82.6,2
65.4,68.1,71.3,69.1,79.9,48.4,62.6,57.3,65.3,1,-0.8,15.0,71.6,2,74.3,1
28.8,41.3,32.1,29.8,52.1,39.0,41.8,15.4,35.0,1,-1.9,13.3,67.0,8,33.9,0
37.2,63.8,40.9,67.5,60.9,49.3,62.9,71.8,56.8,3,4.3,10.7,61.9,3,59.7,0
70.0,63.1,58.0,73.7,63.6,66.8,61.5,48.0,63.1,2,0.3,11.8,76.5,2,71.7,1
66.7,81.1,71.9,93.6,74.2,74.6,69.7,56.2,73.5,4,8.5,11.9,67.5,1,83.5,2
78.4,70.7,83.3,80.9,80.4,67.1,76.4,92.8,78.8,2,-1.9,11.1,76.5,0,90.7,2
66.1,71.3,69.5,50.8,60.9,59.0,68.2,65.3,63.9,6,16.1,10.8,79.9,2,73.3,1
58.6,45.5,46.1,44.7,51.1,53.8,48.3,48.5,49.6,2,-2.3,9.7,85.8,8,49.4,0
29.0,24.7,34.1,29.6,33.1,10.0,55.0,40.9,32.0,3,2.8,9.5,61.4,8,24.8,0
44.8,38.8,41.7,31.3,35.2,27.8,34.2,38.1,36.5,2,0.5,10.6,83.5,8,34.6,0
35.2,60.5,50.2,53.0,49.9,37.6,42.8,40.3,46.2,5,4.9,7.5,74.2,7,42.1,0
78.4,45.6,25.7,29.7,44.3,67.4,25.4,29.7,43.3,4,3.9,8.8,39.9,6,49.6,0
23.8,33.4,41.9,37.5,38.7,23.1,33.9,24.8,32.1,2,1.5,11.7,78.0,8,26.2,0
66.9,60.7,39.9,34.9,37.3,17.9,43.1,29.9,41.3,2,0.8,11.0,52.4,6,43.8,0
26.7,30.9,36.5,15.0,20.0,10.0,30.9,23.3,24.2,4,6.5,8.8,73.4,8,24.0,0
41.3,50.9,41.0,43.6,45.9,15.2,35.1,35.2,38.5,10,13.2,6.2,67.7,8,37.9,0
80.3,79.6,90.5,81.3,88.7,75.7,94.0,89.3,84.9,1,-2.0,15.0,80.6,0,96.6,2
47.1,66.9,62.5,80.3,65.8,48.6,76.3,62.4,63.7,6,8.0,8.8,65.0,2,72.5,1
20.8,44.8,19.2,26.8,31.2,14.1,22.2,20.2,24.9,3,1.7,8.6,71.5,8,19.6,0
69.5,75.9,82.3,79.2,59.4,66.1,69.1,78.2,72.5,3,5.5,12.5,76.9,1,82.8,2
42.6,43.7,51.1,44.0,55.0,44.4,38.1,49.7,46.1,12,41.2,9.4,83.7,8,46.8,0
44.3,16.6,40.2,15.0,26.4,28.0,35.8,22.3,28.6,4,4.1,8.1,67.9,8,31.6,0
19.4,28.4,29.4,15.0,20.0,16.1,20.0,15.0,20.4,7,15.6,7.5,83.1,8,19.1,0
77.3,66.7,62.0,79.0,83.6,72.2,84.8,76.5,75.3,3,2.5,11.2,76.3,0,89.7,2
74.2,82.7,62.7,73.7,76.0,36.4,66.1,64.3,67.0,1,-1.1,15.0,57.9,1,79.2,2
31.1,55.8,65.9,52.4,72.6,48.5,47.3,62.6,54.5,5,11.8,10.3,61.4,5,54.5,0
54.0,77.7,77.2,90.6,64.5,64.8,98.8,61.7,73.7,9,28.6,11.1,54.2,1,81.7,2
12.3,40.8,32.4,39.8,21.6,27.2,20.0,16.9,26.4,7,12.9,7.5,68.5,8,22.4,0
48.8,58.7,50.4,74.7,41.7,39.4,61.8,45.9,52.7,1,-4.7,11.5,64.8,6,48.6,0
35.1,77.6,72.6,26.2,59.2,48.5,40.3,63.9,52.9,2,1.4,12.3,45.0,5,50.8,0
49.7,76.2,36.6,81.1,55.6,57.3,65.4,53.8,59.5,3,1.1,9.7,56.9,5,58.5,0
28.1,32.8,48.8,38.4,38.1,62.4,71.9,44.1,45.6,3,6.0,11.3,55.2,6,45.5,0
83.5,76.2,75.6,77.0,77.1,45.4,89.8,71.2,74.5,1,-2.7,14.5,61.0,1,80.1,2
45.8,51.5,26.4,58.1,30.8,44.4,54.2,53.5,45.6,1,-3.7,11.8,65.7,8,42.6,0
75.9,69.5,97.5,50.9,95.1,87.8,80.2,84.7,80.2,5,5.5,9.7,54.9,1,91.7,2
51.0,57.1,40.5,69.8,67.0,47.9,84.6,55.1,59.1,5,7.2,9.9,57.9,5,62.4,1
59.6,55.0,63.5,75.8,57.0,53.2,65.9,73.2,62.9,7,5.9,7.4,75.1,4,65.3,1
26.8,24.0,31.2,18.4,20.0,24.6,42.8,31.3,27.4,10,27.9,7.9,76.7,8,27.7,0
51.7,15.0,31.1,55.8,26.1,65.7,31.2,55.7,41.5,2,1.7,11.8,46.3,7,39.8,0
61.1,29.6,44.3,51.0,34.8,66.4,52.2,34.5,46.7,7,15.1,8.4,60.3,6,50.0,0
59.9,28.5,44.4,50.3,44.0,23.8,51.3,35.8,42.2,4,3.1,8.5,63.6,8,39.9,0
59.8,71.5,69.5,66.2,65.4,47.4,49.5,56.9,60.8,12,25.7,8.1,73.1,4,68.3,1
32.1,47.7,78.9,54.8,21.2,34.7,32.9,38.4,42.6,2,1.5,11.3,46.5,7,35.5,0
23.9,37.9,38.2,43.4,38.0,37.3,20.0,48.1,35.8,2,2.6,11.9,71.9,8,30.4,0
63.8,50.1,55.2,61.1,54.2,45.3,20.0,55.6,50.7,5,11.4,9.9,59.1,6,54.6,0
44.4,50.1,31.5,32.9,49.8,24.8,30.8,44.9,38.7,10,22.1,7.8,70.8,8,36.8,0
66.0,48.6,60.9,66.6,69.2,38.3,55.5,57.1,57.8,7,20.4,10.5,68.9,4,61.9,1
10.0,31.0,15.0,25.2,20.0,10.0,20.0,16.4,18.5,5,8.8,7.6,78.3,8,13.6,0
40.8,58.0,65.1,71.2,61.6,21.5,43.4,51.2,51.6,2,1.4,12.2,52.0,5,50.7,0
58.5,74.4,45.8,48.5,81.3,34.6,61.2,71.4,59.5,5,11.4,10.7,52.4,4,64.1,1
39.5,54.4,31.0,59.0,57.7,54.9,45.8,26.4,46.1,6,6.4,7.3,62.4,8,45.8,0
67.4,71.8,78.7,53.7,84.3,68.0,60.4,65.1,68.7,5,5.8,9.1,70.9,1,81.4,2
57.0,70.2,67.8,96.3,68.6,66.4,56.2,78.2,70.1,4,7.6,11.0,61.8,2,78.0,2
65.5,68.7,80.6,53.7,59.6,55.0,59.0,51.5,61.7,1,-0.6,15.0,71.3,5,61.2,1
86.1,71.9,75.4,56.3,46.9,63.5,86.7,94.9,72.7,4,2.6,9.5,50.7,2,82.2,2
39.2,65.6,65.2,56.0,47.2,49.1,42.9,46.4,51.4,3,5.3,11.7,70.4,6,51.3,0
26.9,55.9,48.8,67.1,47.5,24.5,64.5,46.6,47.7,12,35.9,9.3,53.4,6,43.6,0
53.9,35.4,37.7,45.8,36.1,44.1,52.8,52.1,44.7,4,7.3,9.6,76.9,8,45.3,0
10.0,23.5,28.1,40.2,20.0,24.9,20.0,33.2,25.0,4,8.2,8.8,72.6,8,20.6,0
69.7,77.9,71.4,69.6,77.8,50.0,80.3,78.1,71.8,15,44.7,10.0,70.7,1,86.2,2
56.1,63.5,63.4,43.8,51.2,27.5,41.5,53.2,50.0,1,-4.5,11.5,63.7,6,49.1,0
69.5,51.0,68.0,60.3,70.8,67.4,74.1,91.3,69.0,2,1.1,12.7,65.5,1,76.9,1
47.8,50.6,35.0,43.3,57.1,48.4,71.5,32.8,48.3,4,7.0,10.0,63.1,7,45.5,0
72.9,64.7,55.8,53.3,67.5,74.4,86.1,51.0,65.7,2,2.0,13.4,63.9,3,78.0,2
76.9,42.5,45.2,39.8,58.2,61.6,42.1,24.1,48.8,2,-2.3,9.6,51.6,6,51.3,0
78.8,64.7,68.3,42.4,45.8,36.4,45.1,47.3,53.6,8,23.3,10.1,55.2,5,60.0,1
42.4,36.3,43.0,61.3,48.1,44.2,48.4,42.5,45.8,4,7.0,10.1,78.1,7,44.0,0
62.8,53.1,59.3,70.7,53.9,30.9,53.5,55.2,54.9,1,-2.8,13.1,65.8,6,55.2,0
48.0,43.9,43.9,46.7,23.3,24.6,49.4,54.7,41.8,2,-0.9,10.2,65.4,8,36.9,0
41.7,32.1,50.0,35.1,37.4,31.6,41.1,53.5,40.3,1,-2.2,13.3,76.0,8,38.4,0
43.4,57.3,50.9,64.9,61.8,68.6,72.9,65.1,60.6,3,3.5,10.6,71.0,3,66.0,1
69.4,56.5,65.7,63.6,60.0,72.5,65.4,52.4,63.2,1,-1.9,14.6,80.1,2,70.1,1
77.9,100.0,91.4,93.5,63.5,71.5,78.6,85.5,82.7,7,18.1,11.1,63.6,0,97.4,2
36.8,56.3,42.0,31.0,33.0,10.0,46.8,33.2,36.1,3,3.8,10.2,59.5,8,35.3,0
23.9,35.9,28.2,24.4,20.4,35.3,40.1,41.4,31.2,1,-2.3,12.8,76.1,8,25.8,0
35.5,21.1,15.0,36.4,29.3,26.5,20.0,25.4,26.2,2,-0.6,9.5,77.6,8,22.9,0
29.8,46.3,46.5,40.9,40.7,21.9,29.8,50.4,38.3,4,10.5,10.8,70.0,8,35.5,0
42.0,60.9,42.2,64.4,36.0,57.3,35.3,80.0,52.3,2,-1.7,10.2,52.3,5,52.9,0
63.6,58.4,48.1,44.1,38.3,35.2,52.1,54.2,49.2,3,1.2,9.6,70.8,7,48.7,0
59.7,51.3,48.3,67.4,54.5,66.4,74.6,48.2,58.8,9,19.2,8.8,70.5,5,66.1,1
40.1,40.9,39.6,50.6,42.4,40.6,48.4,22.6,40.6,2,-0.5,10.4,75.0,8,38.3,0
73.5,63.0,86.0,41.5,54.7,34.1,73.3,50.4,59.6,2,1.1,12.3,47.2,4,66.4,1
76.4,64.9,64.6,61.0,64.5,49.1,55.1,73.5,63.6,6,12.3,9.6,73.4,2,71.5,1
15.3,46.0,34.0,16.7,44.6,38.7,39.5,47.4,35.3,2,-0.4,10.4,62.1,8,27.9,0
40.0,51.3,36.9,62.6,47.4,41.4,22.8,45.0,43.4,1,-1.2,14.1,65.5,7,40.9,0
10.0,36.6,15.0,15.0,20.0,32.1,28.9,25.4,22.9,1,-0.7,13.5,72.0,8,16.9,0
62.4,79.0,52.8,64.5,64.5,75.9,81.6,75.5,69.5,11,28.2,9.4,70.2,1,81.7,2
50.6,58.5,35.5,51.8,61.9,41.9,40.6,32.3,46.6,10,26.2,8.9,67.9,7,48.8,0
56.0,47.5,63.3,48.2,53.9,61.6,77.5,72.1,60.0,1,-3.9,12.6,67.7,4,61.6,1
35.4,62.3,53.6,73.3,40.1,65.2,45.9,52.9,53.6,3,3.6,10.4,61.3,5,54.1,0
44.4,67.5,58.1,49.0,52.8,36.9,47.3,40.2,49.5,1,-0.5,15.0,70.4,7,45.5,0
71.4,60.8,66.7,59.4,57.8,47.3,60.5,66.6,61.3,4,3.0,9.2,78.2,3,69.5,1
71.7,54.9,44.3,45.3,54.9,24.4,60.3,38.0,49.2,1,-1.5,14.4,56.6,6,51.2,0
30.6,57.3,41.6,47.1,50.0,40.6,55.6,61.7,48.1,1,-3.0,13.2,69.3,7,41.3,0
66.2,66.0,55.4,68.3,50.2,65.3,65.6,71.3,63.5,7,17.7,10.4,78.9,2,77.5,1
68.3,41.4,44.9,69.2,71.7,23.5,66.4,47.5,54.1,2,1.9,12.7,48.0,4,58.1,0
39.3,29.2,45.0,44.0,45.4,41.8,46.8,45.5,42.1,1,-3.3,12.2,82.8,8,40.1,0
20.4,25.8,59.3,26.6,36.0,23.8,32.1,44.5,33.6,7,20.6,9.4,61.3,8,27.1,0
40.6,26.3,34.4,47.9,45.9,40.6,43.3,40.0,39.9,5,5.7,8.2,79.5,8,33.2,0
42.1,28.0,35.4,22.9,35.9,18.2,33.2,48.7,33.0,5,8.3,8.6,70.3,8,34.2,0
54.6,72.0,60.6,74.3,50.7,50.6,64.0,55.1,60.2,9,30.9,10.8,72.5,4,67.8,1
18.3,26.7,17.7,16.2,20.0,40.8,20.0,30.9,23.8,3,5.5,9.9,74.7,8,22.9,0
41.7,33.0,46.8,38.0,58.8,32.0,34.6,41.5,40.8,1,-1.2,14.2,73.6,8,37.7,0
49.4,49.3,48.8,31.2,56.3,18.7,54.8,69.9,47.3,1,-2.1,14.0,52.9,7,43.1,0
65.0,69.9,47.1,49.4,39.5,66.3,48.1,44.4,53.7,2,3.6,13.5,65.5,5,57.8,0
56.0,76.0,59.2,84.0,51.8,62.7,65.3,51.1,63.3,1,-3.8,12.8,65.2,4,64.9,1
17.4,32.4,34.9,40.4,33.2,27.9,30.9,21.1,29.8,3,3.7,9.6,77.6,8,24.9,0
82.9,70.3,71.6,71.4,59.4,58.1,81.8,57.9,69.2,1,-4.2,12.1,70.0,3,78.1,2
34.0,28.4,40.7,39.0,28.1,32.6,27.4,34.0,33.0,3,4.0,10.0,85.1,8,29.9,0
31.2,65.9,59.0,28.6,51.9,78.6,63.3,65.8,55.5,1,-2.1,14.3,47.6,4,52.1,0
56.6,27.0,52.4,44.4,36.4,47.8,32.3,28.3,40.6,2,-0.5,10.4,66.4,8,39.4,0
60.7,43.3,58.3,50.0,26.9,34.5,65.5,37.7,47.1,4,10.5,11.1,58.8,6,49.7,0
55.7,51.9,46.9,63.1,45.9,65.8,67.8,65.8,57.9,2,0.2,11.2,73.3,4,62.2,1
72.8,47.5,62.9,64.8,60.9,83.6,50.7,69.5,64.1,2,3.1,13.7,65.1,2,72.3,1
65.8,48.1,35.7,31.9,55.7,48.5,38.4,48.1,46.5,15,45.0,8.4,66.8,7,52.0,0
16.6,38.7,39.6,29.9,24.3,31.1,28.3,26.2,29.3,5,1.4,6.0,77.5,8,27.0,0
54.3,65.1,53.8,49.3,55.6,35.1,50.0,56.5,52.5,3,3.7,10.7,74.5,7,52.8,0
69.9,73.5,30.0,54.7,62.8,51.0,41.9,41.1,53.1,4,3.1,8.5,54.7,5,61.2,1
81.4,61.0,60.1,54.8,44.9,54.7,63.7,33.2,56.7,4,3.9,9.2,57.8,4,67.1,1
79.5,83.4,100.0,69.5,77.7,74.3,100.0,95.6,85.0,1,-0.1,15.0,64.2,0,91.8,2
82.1,41.5,76.7,66.0,53.0,61.6,66.9,60.3,63.5,1,-4.7,11.8,61.7,2,70.4,1
69.0,64.7,53.4,50.3,42.9,54.2,68.9,50.6,56.8,4,6.8,10.4,71.2,5,61.6,1
37.6,28.3,15.0,19.4,20.0,25.7,20.0,21.2,23.4,2,-0.6,9.3,79.0,8,23.4,0
84.5,60.9,96.9,68.5,87.1,81.5,86.9,69.2,79.4,1,-2.5,14.6,63.9,0,90.0,2
47.9,43.2,63.8,49.1,53.3,21.0,54.8,62.9,49.5,2,1.7,11.9,59.5,6,48.4,0
90.0,64.6,68.7,45.9,75.6,42.3,59.8,71.5,64.8,1,-2.0,14.5,53.3,3,71.2,1
31.4,45.4,18.2,40.4,32.0,21.1,35.5,24.8,31.1,9,20.5,7.9,71.9,8,30.9,0
49.0,37.9,20.7,43.5,20.0,50.9,20.0,15.0,32.1,1,-1.9,12.8,55.9,8,30.0,0
72.8,43.6,35.4,50.8,71.1,51.9,35.1,51.6,51.5,1,-3.5,12.4,57.2,6,54.1,0
57.0,44.6,63.3,34.0,43.3,46.6,36.5,43.0,46.0,4,0.9,7.4,70.6,7,45.3,0
42.6,51.4,25.9,40.6,27.9,54.8,33.1,50.3,40.8,3,2.5,9.7,67.0,8,38.5,0
57.2,53.6,76.0,59.1,80.3,33.8,63.1,52.8,59.5,3,5.5,11.5,56.7,5,59.2,0
58.5,69.7,71.5,80.4,73.1,37.1,73.6,65.6,66.2,2,-2.6,10.7,60.0,2,74.4,1
37.5,52.4,29.3,64.4,20.0,37.6,48.6,49.7,42.4,3,2.1,9.5,57.7,7,37.9,0
79.3,70.5,82.7,50.2,86.6,76.5,61.0,78.6,73.2,6,13.6,10.5,63.7,1,86.8,2
63.6,67.9,86.8,82.9,57.7,69.0,95.4,95.1,77.3,1,-0.2,15.0,56.3,1,81.6,2
33.4,53.9,22.9,41.7,40.5,14.0,42.0,46.6,36.9,2,0.0,10.5,61.2,8,29.8,0
65.0,31.4,42.2,42.8,50.7,24.7,46.0,32.3,41.9,12,31.7,8.2,62.0,7,44.4,0
51.6,53.7,70.1,59.1,60.7,31.2,63.6,56.8,55.8,1,-0.5,15.0,65.5,5,50.9,0
66.2,58.6,49.0,51.8,69.7,39.4,57.7,50.6,55.4,2,1.6,12.3,70.7,6,61.3,1
73.7,72.7,86.4,53.8,77.4,43.4,58.0,55.4,65.1,1,-2.9,13.8,56.5,4,68.3,1
40.9,48.1,36.3,49.1,63.7,42.0,51.3,23.7,44.4,1,-1.5,14.0,64.8,7,45.3,0
63.6,34.0,45.4,73.9,64.8,50.7,58.7,92.3,60.4,2,2.8,13.5,46.4,4,63.1,1
70.1,61.1,67.9,67.3,64.2,69.5,71.4,61.1,66.6,1,-4.3,12.6,88.0,0,78.7,2
20.0,49.5,27.8,60.1,41.7,26.3,37.3,43.7,38.3,1,-2.9,12.8,60.3,7,33.1,0
82.2,70.3,71.5,67.3,84.8,66.7,88.8,73.2,75.6,2,1.7,13.1,74.7,0,88.8,2
42.8,51.4,44.9,51.9,38.3,39.0,51.3,46.1,45.7,1,-4.3,11.5,83.6,8,46.8,0
88.8,88.7,66.6,55.5,85.6,74.1,88.6,46.2,74.3,5,14.0,12.1,50.0,2,86.5,2
70.4,72.2,87.7,94.9,57.4,66.1,59.3,63.6,71.4,6,17.5,11.2,60.0,2,80.8,2
78.4,72.6,78.8,76.2,72.0,80.5,85.0,100.0,80.4,2,-1.8,11.5,73.2,0,88.2,2
69.2,61.8,76.6,60.4,79.0,71.2,70.0,64.1,69.0,15,38.3,8.9,80.0,0,82.9,2
38.3,55.8,48.3,34.9,40.9,39.9,37.1,56.5,44.0,4,4.1,8.3,74.6,8,39.6,0
100.0,82.9,100.0,70.7,63.1,79.4,67.1,84.2,80.9,5,10.7,11.5,58.3,0,98.9,2
66.7,65.8,50.9,50.8,57.7,49.5,86.8,61.6,61.2,1,-1.5,15.0,63.0,4,68.8,1
76.4,79.2,50.9,72.9,47.5,76.9,74.0,74.3,69.0,7,13.5,9.6,62.8,2,81.4,2
20.6,51.3,57.7,39.7,32.7,22.4,40.9,37.2,37.8,11,18.7,6.5,61.6,8,33.1,0
33.2,25.8,42.0,39.3,31.7,26.3,20.6,34.9,31.7,1,-0.5,14.4,78.4,8,30.0,0
79.8,57.9,63.5,62.2,57.9,43.5,78.0,55.3,62.3,5,4.4,8.5,64.3,4,67.4,1
27.4,15.0,22.7,24.8,35.2,10.0,35.7,15.0,23.2,5,13.5,9.4,71.6,8,24.8,0
49.9,60.6,58.8,47.5,67.3,51.6,72.5,69.6,59.7,2,2.0,12.9,71.6,4,59.5,0
31.1,50.7,53.9,38.3,68.0,35.1,45.8,44.6,45.9,3,1.1,9.0,64.8,7,41.4,0
55.2,61.0,46.3,66.3,69.7,45.7,88.5,84.0,64.6,1,-1.0,15.0,52.4,3,66.7,1
68.2,76.7,61.9,50.0,62.1,50.5,66.8,56.0,61.5,1,-1.2,14.8,72.6,3,68.0,1
70.3,62.1,71.9,64.1,62.8,55.5,47.0,41.7,59.4,1,-0.8,15.0,68.0,3,72.4,1
10.0,38.9,48.2,38.7,36.1,26.7,40.6,42.9,35.3,3,1.4,8.9,64.4,8,29.1,0
75.2,72.8,74.1,73.4,69.8,99.8,83.5,76.6,78.2,4,9.0,12.0,71.2,0,93.8,2
81.9,65.5,78.7,81.7,77.9,76.0,82.8,74.3,77.4,9,16.4,9.2,83.1,0,91.1,2
30.9,43.1,58.7,50.7,41.1,39.7,48.5,50.5,45.4,3,5.0,10.8,74.5,8,43.1,0
61.0,70.5,72.1,74.9,65.0,49.1,81.2,71.5,68.2,2,-0.8,11.4,70.7,1,78.0,2
41.7,26.7,48.6,54.8,32.8,25.2,23.6,15.0,33.6,1,-1.7,12.9,59.1,8,33.9,0
60.6,59.5,34.8,67.8,59.1,53.1,52.7,50.3,54.7,8,17.5,8.9,70.7,6,54.4,0
49.5,49.3,66.4,37.1,50.7,49.5,45.4,68.8,52.1,3,4.9,11.3,68.5,6,50.8,0
30.4,21.0,24.3,21.3,26.0,49.3,20.0,21.9,26.8,5,7.3,8.0,70.9,8,26.7,0
48.2,51.2,50.4,48.6,53.6,21.7,48.4,49.3,46.4,1,-1.2,14.6,69.6,8,43.0,0
78.3,77.9,90.3,64.2,65.8,61.3,69.6,77.2,73.1,3,2.1,11.0,71.2,0,86.0,2
59.9,75.7,63.8,81.2,72.9,78.6,76.5,62.7,71.4,2,-0.0,12.4,75.7,1,78.3,2
37.4,49.2,71.4,53.6,40.6,28.1,40.0,44.8,45.6,1,-3.7,12.1,61.3,7,42.0,0
46.3,44.4,48.5,30.2,58.8,10.0,23.2,33.3,36.8,6,14.5,8.9,53.0,8,35.3,0
49.7,60.4,57.8,67.2,38.2,37.9,45.6,47.0,50.5,3,0.0,8.9,68.5,6,51.2,0
51.7,72.3,50.4,81.1,54.3,69.8,68.1,43.5,61.4,2,0.5,12.0,60.7,4,65.8,1
43.3,65.4,51.1,30.5,47.9,35.2,48.4,53.3,46.9,6,7.8,8.1,67.5,7,47.8,0
58.0,56.2,45.4,32.1,45.3,39.1,48.0,42.3,45.8,3,3.0,10.2,74.5,8,46.3,0
34.0,45.9,26.4,56.6,50.8,42.0,61.4,53.8,46.4,1,-3.9,11.6,64.6,7,39.5,0
42.7,59.8,50.8,50.3,34.6,24.7,47.4,42.4,44.1,11,19.5,6.7,67.8,8,44.4,0
57.1,74.2,59.3,71.3,51.7,51.5,68.0,55.2,61.0,2,2.3,13.2,73.3,5,66.9,1
30.8,36.7,42.9,46.2,59.2,30.6,47.3,40.2,41.7,7,12.7,8.1,71.6,8,37.7,0
62.1,39.8,57.5,58.4,62.2,44.9,53.0,60.8,54.8,6,16.2,10.6,74.9,5,61.4,1
16.6,17.7,17.4,28.7,22.8,10.0,20.0,15.0,18.5,1,-3.4,11.0,83.4,8,12.7,0
52.9,53.1,51.7,48.7,51.7,36.4,42.3,27.1,45.5,3,1.4,9.2,71.6,8,44.9,0
88.4,88.8,69.1,93.8,65.7,84.2,80.5,80.8,81.4,1,-2.7,14.5,70.8,0,90.8,2
69.1,60.3,84.6,64.0,73.6,87.6,74.4,79.3,74.1,2,-1.0,11.6,71.4,0,87.5,2
49.3,54.7,38.6,47.1,53.9,57.9,34.3,54.6,48.8,5,6.5,8.3,74.8,8,44.5,0
45.8,64.4,50.5,63.3,44.6,47.1,57.1,62.2,54.4,1,-1.5,14.3,75.1,5,54.5,0
35.8,37.0,15.0,33.4,32.0,48.7,22.3,19.4,30.4,1,-1.7,13.1,67.2,8,30.0,0
72.7,75.2,82.0,78.3,75.6,94.5,90.4,79.1,81.0,3,3.1,11.2,77.0,0,95.1,2
22.2,30.3,47.1,41.2,20.0,29.3,42.0,17.1,31.2,3,4.4,9.9,66.5,8,29.3,0
43.4,48.2,60.7,47.5,42.0,32.5,35.9,56.5,45.8,4,5.9,9.7,71.4,7,47.1,0
63.5,70.0,62.1,47.5,37.8,72.2,58.7,51.9,58.0,5,6.4,9.0,65.2,4,67.2,1
37.6,32.4,25.1,17.4,26.7,10.0,39.4,30.0,27.3,5,8.8,8.0,70.3,8,28.3,0
59.3,46.3,30.2,35.8,67.8,30.9,55.6,30.8,44.6,7,18.6,9.6,55.6,7,43.5,0
72.8,100.0,66.2,58.4,77.2,45.6,86.7,89.8,74.6,1,-2.5,15.0,46.9,2,78.1,2
25.2,20.6,45.5,51.9,33.9,41.9,20.0,26.7,33.2,3,4.6,10.2,63.9,8,30.8,0
35.2,42.6,42.1,20.8,54.2,10.0,41.7,50.0,37.1,2,1.8,11.9,55.6,8,34.7,0
49.8,49.7,40.6,81.9,60.0,64.8,59.9,61.6,58.5,12,31.4,8.9,62.9,4,62.5,1
29.6,56.9,34.8,45.7,42.1,71.2,31.4,56.3,46.0,3,4.7,11.0,56.4,7,47.7,0
89.0,58.4,85.8,74.8,94.9,94.9,87.3,79.5,83.1,12,37.1,10.7,63.7,1,97.1,2
63.4,83.6,78.6,48.9,71.1,43.6,63.1,54.6,63.4,6,11.4,9.8,58.0,3,69.8,1
67.4,73.9,43.1,67.2,59.9,29.1,65.9,79.7,60.8,5,10.6,10.4,49.9,3,64.1,1
20.3,29.3,27.8,24.1,23.4,12.8,25.1,23.8,23.3,3,3.9,9.4,84.8,8,23.0,0
50.1,48.3,55.3,52.4,56.7,57.3,48.4,49.1,52.2,3,4.5,10.9,88.7,8,50.6,0
60.7,77.5,61.2,58.4,63.0,78.2,78.1,85.3,70.3,3,3.3,11.2,68.6,1,79.1,2
52.0,57.3,67.4,59.7,68.5,56.1,55.8,42.0,57.4,2,0.0,11.2,74.7,6,59.2,0
29.9,52.6,37.2,31.7,53.5,43.6,67.8,40.6,44.6,9,23.6,8.6,61.9,7,43.7,0
51.7,52.0,31.6,54.1,52.5,79.5,70.4,54.3,55.8,6,10.5,8.8,57.6,6,61.2,1
73.2,54.9,53.4,62.5,56.7,43.0,46.4,53.1,55.4,6,9.0,8.6,72.0,6,60.4,1
42.5,50.0,53.8,57.5,28.4,21.7,48.2,40.4,42.8,2,-0.4,10.2,62.9,8,38.0,0
68.3,72.7,60.2,75.4,58.7,41.1,58.6,57.7,61.6,1,-2.9,13.7,67.7,4,64.6,1
17.6,33.5,22.2,37.2,22.7,36.1,21.7,33.6,28.1,4,3.7,8.1,76.8,8,28.0,0
53.1,51.9,54.4,47.8,44.7,38.9,32.0,48.4,46.4,2,2.9,12.7,77.0,8,44.4,0
48.6,44.4,44.6,46.7,41.8,48.0,37.3,57.7,46.1,8,14.9,7.7,82.3,8,46.3,0
75.9,78.4,71.7,82.1,57.0,58.4,84.1,92.2,75.0,6,10.7,9.8,63.3,2,83.6,2
42.6,55.7,46.7,32.5,47.5,44.7,41.8,42.8,44.3,1,-3.1,12.4,80.5,8,43.1,0
33.6,33.3,28.2,49.5,27.2,26.3,40.4,50.6,36.1,4,3.9,8.2,70.9,8,34.6,0
53.6,40.3,39.2,35.3,50.5,38.8,20.0,37.7,39.4,5,6.6,8.4,69.6,8,40.0,0
58.6,46.5,51.4,49.7,50.5,36.5,39.8,69.5,50.3,3,3.0,9.8,68.9,7,51.2,0
81.2,71.7,64.3,83.3,90.4,44.9,68.2,73.7,72.2,3,-0.6,9.9,58.3,1,82.5,2
31.0,34.3,62.8,35.8,54.2,36.2,27.2,42.9,40.6,1,-2.4,13.1,63.6,7,35.6,0
69.8,91.8,93.9,59.3,97.3,79.6,70.2,86.3,81.0,1,-4.8,12.7,59.3,1,89.0,2
57.3,46.9,35.3,46.6,57.2,29.6,49.8,59.3,47.8,6,7.5,7.8,67.9,8,43.9,0
57.1,48.9,85.6,34.2,70.6,87.9,76.5,66.4,65.9,1,-4.0,12.9,44.8,3,66.2,1
42.8,51.4,43.1,40.1,36.2,36.3,31.5,17.0,37.3,6,13.1,8.9,69.7,8,39.5,0
71.2,71.0,90.8,58.3,74.3,58.3,82.7,82.7,73.7,3,5.2,12.4,65.3,2,81.5,2
45.6,65.9,59.9,99.5,75.1,42.9,67.5,47.6,63.0,10,15.7,7.5,43.9,4,64.6,1
47.3,51.1,36.3,53.4,35.9,52.7,40.7,47.5,45.6,15,25.7,6.1,78.8,8,45.2,0
86.5,80.5,73.3,77.9,78.1,57.9,71.0,86.5,76.5,4,6.7,11.2,72.1,1,88.1,2
26.2,21.7,15.0,61.7,57.8,42.2,37.8,45.4,38.5,2,0.2,10.9,49.9,7,31.3,0
56.4,30.4,62.1,61.1,48.8,57.6,54.5,61.9,54.1,3,-1.6,8.2,68.4,5,51.4,0
67.4,56.9,54.4,48.4,55.7,64.2,57.3,57.4,57.7,1,-4.1,12.6,82.5,6,62.6,1
49.0,40.2,51.5,33.1,50.9,27.1,45.7,56.3,44.2,1,-3.0,12.4,70.0,8,41.8,0
22.3,35.9,42.5,37.4,20.0,30.2,20.0,23.7,29.0,4,7.1,8.7,73.8,8,26.2,0
95.7,82.1,70.3,65.0,82.7,72.1,83.9,75.7,78.4,6,14.5,11.0,71.1,0,97.9,2
40.2,72.2,34.9,48.9,44.6,13.3,51.1,56.1,45.2,2,0.9,11.3,48.8,7,42.4,0
25.3,15.0,42.3,40.4,32.4,42.9,30.3,21.7,31.3,2,-2.9,8.4,69.3,8,27.6,0
50.4,64.5,56.2,59.0,38.3,46.8,53.3,36.9,50.7,3,-0.7,9.1,71.0,7,55.3,0
40.5,48.2,67.8,54.8,60.0,43.8,36.1,37.1,48.5,9,20.6,8.6,65.8,6,47.5,0
38.9,55.2,43.2,63.2,51.1,50.1,40.8,68.8,51.4,1,-1.4,14.4,68.1,6,48.9,0
57.5,75.4,72.2,66.0,61.4,41.6,60.5,58.1,61.6,1,-2.9,13.2,69.0,3,64.8,1
69.8,93.6,68.4,78.3,78.3,75.6,72.4,74.7,76.4,9,18.2,9.2,76.5,0,90.1,2
67.0,64.5,66.5,63.1,66.5,40.7,58.0,73.9,62.5,1,-0.6,15.0,70.5,2,69.1,1
13.7,39.9,41.7,39.0,25.0,17.5,32.0,33.0,30.2,4,3.3,7.7,68.5,8,24.1,0
12.5,27.5,30.9,15.0,20.0,37.8,20.0,20.8,23.1,4,5.5,8.2,74.7,8,18.1,0
61.0,60.3,83.4,90.2,71.1,64.0,70.2,65.8,70.8,2,-2.6,10.6,67.7,0,80.6,2
100.0,88.1,68.6,84.4,89.6,63.4,78.8,72.9,80.7,3,3.7,12.3,63.7,0,94.0,2
58.8,56.3,55.7,51.7,56.9,55.4,48.3,48.1,53.9,7,13.0,8.9,87.9,8,57.8,0
49.8,51.3,51.7,59.6,60.5,50.9,46.1,53.1,52.9,1,-1.1,14.7,85.4,7,53.5,0
56.9,49.6,48.5,65.9,54.9,29.4,83.4,56.1,55.6,1,-3.7,12.7,54.0,6,53.9,0
74.1,58.4,67.1,43.6,46.0,72.7,62.5,61.5,60.7,3,7.2,12.4,66.4,3,69.2,1
36.3,60.2,49.5,57.3,62.0,74.7,45.1,54.8,55.0,2,1.0,12.0,65.2,5,56.4,0
62.8,72.2,53.9,64.2,82.6,58.3,76.7,50.7,65.2,3,6.3,12.3,66.5,3,73.9,1
34.2,58.4,65.1,54.3,42.4,45.1,41.3,56.9,49.7,9,26.0,9.7,68.6,7,48.3,0
12.6,60.8,29.4,64.3,40.4,37.2,56.6,44.1,43.2,9,18.5,7.7,48.1,6,36.2,0
60.8,94.5,56.9,69.0,80.5,74.5,62.1,69.6,71.0,1,-4.9,12.1,63.5,1,81.1,2
51.2,43.4,52.9,46.2,52.5,47.7,47.8,48.7,48.8,2,0.6,11.3,90.2,8,49.1,0
42.4,64.0,68.3,44.3,58.6,49.8,73.5,75.9,59.6,1,-3.7,12.4,61.1,4,59.8,0
73.3,92.6,69.7,57.6,69.1,80.4,66.3,54.0,70.4,10,33.5,10.9,63.3,2,82.5,2
70.9,81.3,49.4,74.4,43.3,77.8,89.3,57.8,68.0,2,-0.7,11.6,51.5,3,77.2,1
70.3,80.5,79.2,65.3,74.7,50.6,72.6,51.2,68.1,3,1.3,10.5,65.2,2,79.9,2
80.7,46.4,57.9,63.1,69.6,70.8,65.8,66.5,65.1,6,6.7,8.4,70.0,2,76.3,1
59.5,61.4,79.5,69.2,78.2,75.6,59.0,43.3,65.7,3,2.6,10.8,63.2,3,72.1,1
52.6,44.9,43.9,50.3,41.0,46.8,62.6,51.2,49.2,1,-3.7,12.2,79.9,7,47.8,0
12.8,51.7,49.4,38.8,51.9,39.4,29.5,34.7,38.5,3,2.3,9.2,60.3,8,31.6,0
24.5,17.6,20.2,28.5,21.0,16.9,42.0,17.8,23.6,4,11.4,10.4,74.8,8,21.6,0
63.4,66.4,57.6,74.6,62.0,42.4,61.4,72.0,62.5,5,11.2,10.8,70.5,2,70.6,1
45.4,69.9,36.4,94.5,52.8,79.6,56.0,63.3,62.2,4,4.2,9.5,43.6,4,65.0,1
41.9,30.4,30.3,55.4,48.2,14.6,47.3,57.2,40.7,1,-3.1,12.2,56.4,8,35.6,0
48.2,61.3,59.2,53.1,46.5,74.5,56.8,64.6,58.0,2,-0.0,11.5,72.7,5,63.3,1
57.0,39.7,38.6,54.4,43.2,31.6,39.2,36.3,42.5,5,8.7,8.6,73.6,8,40.8,0
44.2,83.6,79.7,59.1,65.5,82.8,61.7,45.6,65.3,8,20.2,10.3,52.9,3,71.1,1
75.5,80.4,86.5,64.6,72.3,64.9,75.0,83.3,75.3,1,-4.1,13.0,76.1,0,88.0,2
71.7,78.7,70.6,79.9,56.1,76.5,76.2,82.1,74.0,1,-0.5,15.0,75.5,1,81.5,2
62.8,69.2,66.4,74.9,74.3,65.3,84.6,81.9,72.4,4,5.2,10.2,76.3,0,81.3,2
15.3,15.0,37.0,33.1,21.0,10.3,20.0,15.0,20.8,3,4.4,9.5,71.8,8,15.6,0
77.1,78.3,77.9,67.7,82.0,69.8,81.2,78.2,76.5,1,-3.8,13.4,84.7,0,88.2,2
53.7,43.3,30.8,35.4,39.8,34.7,53.4,49.6,42.6,3,0.9,8.8,73.5,8,44.4,0
40.2,69.8,53.8,62.4,65.9,62.8,61.7,74.8,61.4,13,18.8,6.9,68.4,2,67.0,1
57.2,63.0,40.7,63.5,66.7,61.6,78.9,73.9,63.2,4,5.6,10.3,65.7,2,71.4,1
55.2,69.1,55.9,79.2,75.5,64.5,94.0,68.3,70.2,3,1.0,10.2,61.8,2,73.7,1
19.2,35.2,15.0,31.5,38.4,14.8,32.6,21.2,26.0,7,18.8,8.9,71.6,8,26.3,0
75.7,64.4,74.9,67.1,73.8,45.9,86.2,69.8,69.7,1,-0.4,15.0,65.1,1,79.8,2
59.3,40.9,67.0,32.2,43.7,47.7,58.1,57.3,50.8,2,2.5,12.7,65.4,7,49.2,0
70.3,62.9,46.2,69.6,53.6,53.9,67.0,67.1,61.3,3,3.4,10.8,73.2,3,68.2,1
53.4,58.8,35.9,52.0,39.0,26.6,53.7,27.7,43.4,3,6.0,11.4,62.1,8,45.1,0
78.7,64.3,81.0,40.4,85.0,70.8,82.5,73.7,72.0,9,27.3,10.7,56.7,1,83.9,2
61.1,76.1,71.4,82.8,86.0,78.1,89.7,59.8,75.6,2,1.9,13.6,67.2,1,83.1,2
70.1,62.8,55.6,48.2,53.2,49.0,52.3,55.9,55.9,1,-0.6,15.0,78.0,6,58.3,0
51.1,65.1,62.7,64.7,48.4,48.1,48.7,40.1,53.6,9,28.2,10.1,72.1,5,60.5,1
82.9,73.7,61.1,68.7,62.8,45.0,76.0,52.8,65.4,1,-5.0,12.1,62.5,2,76.4,1
18.6,41.6,28.1,27.2,37.0,13.6,20.7,57.8,30.6,2,-2.3,9.0,56.9,8,23.5,0
67.1,76.5,63.1,92.1,88.6,67.9,77.5,53.1,73.2,3,2.8,11.1,60.9,1,83.9,2
86.0,83.1,55.0,94.4,75.0,54.9,83.6,66.6,74.8,13,27.6,8.8,56.0,2,85.6,2
52.4,41.6,58.1,50.8,64.5,35.9,51.0,52.2,50.8,3,3.3,10.5,73.4,7,50.4,0
70.1,100.0,85.0,82.9,82.0,74.3,81.2,53.6,78.6,3,0.5,10.5,60.0,1,88.7,2
88.6,76.5,72.9,66.4,78.7,93.5,83.4,81.9,80.2,4,1.6,9.2,74.2,0,94.2,2
38.4,61.8,69.0,31.4,48.2,41.3,60.6,44.4,49.4,13,42.4,9.6,60.8,5,56.4,0
35.2,29.0,33.5,55.1,34.1,60.6,44.8,24.2,39.6,6,10.9,8.1,61.7,7,39.4,0
43.9,36.0,44.8,28.3,28.5,31.5,44.1,48.2,38.2,1,-0.4,14.6,75.9,8,34.5,0
94.5,74.2,74.4,85.6,72.6,69.7,71.7,53.1,74.5,6,14.9,10.7,63.9,1,88.5,2
69.5,55.7,64.3,83.3,72.8,80.2,76.4,79.9,72.8,7,21.4,11.5,72.2,1,79.6,2
48.0,42.8,65.4,56.2,55.4,60.3,56.2,51.9,54.5,5,9.2,9.4,79.0,6,60.5,1
46.2,44.9,53.3,52.2,42.1,50.8,66.7,52.6,51.1,4,9.0,10.8,77.5,7,55.5,0
65.5,49.6,74.0,72.0,67.5,52.7,66.3,62.0,63.7,3,1.5,10.1,74.1,2,73.4,1
81.4,76.1,57.7,61.6,76.3,77.8,88.9,75.5,74.4,4,3.7,10.0,69.6,1,84.9,2
73.7,60.8,61.6,78.3,62.3,60.0,41.2,33.3,58.9,5,10.6,10.3,54.9,2,76.8,1
94.6,100.0,78.3,85.8,89.5,70.0,90.6,74.2,85.4,1,-0.6,15.0,68.9,0,95.5,2
63.7,58.0,58.6,88.8,67.5,81.8,71.8,58.4,68.6,2,1.2,12.8,65.4,3,75.5,1
39.1,34.1,47.8,30.7,68.1,32.9,20.0,43.8,39.6,1,-3.4,11.6,57.1,7,32.7,0
62.3,52.6,63.3,63.5,66.3,44.1,47.1,63.2,57.8,7,10.0,8.3,74.4,3,60.7,1
79.1,51.9,51.6,73.2,71.4,50.3,76.0,70.0,65.4,4,3.7,9.8,63.9,3,73.4,1
64.3,62.3,48.7,63.0,62.5,76.2,56.5,77.1,63.8,3,2.6,10.3,71.9,2,73.7,1
73.8,62.9,65.6,78.7,49.5,41.6,62.9,30.2,58.2,7,19.9,10.2,50.7,3,68.8,1
16.9,29.7,15.0,19.1,20.0,29.8,20.0,39.6,23.8,5,7.2,7.4,74.8,8,23.0,0
42.7,36.2,38.2,48.9,57.7,49.3,60.5,49.8,47.9,9,13.4,7.2,74.2,7,46.6,0
51.4,48.5,44.9,47.4,55.5,51.3,57.3,37.6,49.2,1,-4.1,11.7,81.4,8,49.5,0
67.0,60.7,58.6,23.8,65.1,73.9,39.6,46.7,54.4,3,4.9,11.2,50.4,4,60.3,1
54.1,65.2,44.8,47.2,39.6,61.7,68.2,47.7,53.6,5,6.1,8.6,68.8,5,60.8,1
81.2,74.0,70.3,59.8,65.2,70.7,85.3,84.1,73.8,1,-2.2,14.4,72.6,1,86.6,2
32.5,37.1,26.5,61.9,28.3,19.2,20.0,28.4,31.7,2,2.2,11.2,59.5,7,29.7,0
81.1,95.5,83.8,85.4,90.8,65.0,86.3,91.0,84.9,2,0.5,13.0,72.3,0,96.5,2
75.6,70.8,39.3,75.0,74.4,95.2,72.1,59.7,70.3,6,15.6,10.9,52.5,2,80.3,2
74.3,85.4,78.3,59.3,71.1,70.2,63.2,80.2,72.8,3,4.2,12.1,74.0,1,83.8,2
48.6,58.2,43.3,46.5,51.4,39.4,42.8,57.2,48.4,3,3.9,10.4,79.6,8,48.5,0
57.3,75.1,74.0,82.0,73.6,66.5,85.5,83.4,74.7,2,2.0,13.3,71.9,1,82.6,2
62.8,77.7,55.3,96.5,67.1,59.4,56.0,47.4,65.3,1,-3.2,13.4,53.6,4,65.3,1
62.5,61.5,46.4,42.9,40.0,67.5,69.4,60.6,56.4,9,8.5,6.4,65.6,3,61.6,1
53.1,38.6,51.0,22.1,35.1,46.9,48.0,42.8,42.2,2,-2.1,9.6,69.6,8,39.9,0
49.6,29.5,60.3,34.0,60.8,19.4,34.5,47.2,41.9,3,1.8,9.3,55.3,6,41.6,0
63.3,61.1,43.7,50.3,70.0,44.1,61.2,53.5,55.9,1,-3.7,12.7,71.5,4,59.0,0
48.2,34.8,53.0,37.9,46.1,41.5,32.1,65.1,44.8,2,-1.0,10.3,67.8,7,40.1,0
70.4,86.6,98.5,95.7,85.2,90.4,91.7,87.8,88.3,9,18.9,9.9,74.5,0,95.3,2
59.6,63.0,70.1,66.8,84.6,34.1,61.2,55.0,61.8,15,35.4,8.4,57.2,3,72.7,1
20.3,35.0,34.2,15.0,20.0,23.5,20.0,15.0,22.9,2,1.4,10.5,76.7,8,22.1,0
36.2,56.6,43.5,69.4,49.0,54.6,35.8,60.4,50.7,1,-4.1,11.9,64.6,6,45.5,0
31.0,64.1,67.1,77.7,44.5,58.8,51.8,61.0,57.0,2,1.8,12.3,56.8,4,59.2,0
63.5,46.0,41.6,29.1,48.1,43.6,52.6,51.4,47.0,2,-1.3,10.3,70.4,7,51.5,0
55.3,72.8,55.4,70.9,38.3,63.5,41.7,50.3,56.0,4,4.0,9.2,62.3,5,60.7,1
36.0,45.3,28.8,33.9,39.3,18.7,44.3,45.9,36.5,3,3.6,9.7,71.9,8,34.9,0
71.5,70.4,58.8,52.7,77.7,71.0,68.7,58.4,66.1,6,16.5,10.9,74.6,3,79.3,2
48.4,41.4,39.3,41.7,73.2,52.8,52.6,53.3,50.3,5,12.1,10.7,67.5,7,51.5,0
39.0,58.5,20.9,39.8,37.4,39.9,43.3,74.8,44.2,2,2.5,12.3,52.1,7,41.6,0
82.0,84.3,77.6,57.3,41.3,57.4,73.4,68.4,67.7,6,8.0,8.7,55.9,3,73.4,1
45.7,53.1,30.3,54.7,55.5,55.2,65.9,51.0,51.4,7,8.0,7.4,69.4,7,44.8,0
60.0,64.5,65.8,91.3,76.7,40.9,80.1,57.8,67.1,4,3.2,9.3,53.6,2,74.5,1
22.1,26.6,16.1,26.5,20.0,39.6,48.1,28.8,28.5,10,24.8,7.7,68.4,8,26.0,0
73.5,64.7,70.6,62.7,78.7,85.5,70.8,96.6,75.4,6,14.1,11.1,66.3,0,86.7,2
46.9,29.5,43.2,32.0,37.9,26.1,26.6,44.6,35.8,4,8.7,9.9,74.9,8,37.3,0
14.4,64.0,46.7,59.4,36.2,39.5,30.5,36.9,41.0,9,25.2,9.1,52.5,7,36.3,0
28.9,48.3,34.2,33.8,20.0,18.9,45.4,31.4,32.6,4,5.6,8.8,68.5,8,29.8,0
44.6,35.0,56.4,52.3,35.0,21.3,40.4,26.8,39.0,3,3.2,9.9,64.1,8,37.2,0
78.3,52.7,54.3,60.8,52.6,54.5,71.4,61.2,60.7,2,1.0,12.1,71.5,4,68.9,1
10.0,42.2,33.3,21.0,20.0,17.7,20.0,15.0,22.4,8,18.1,7.1,68.9,8,20.0,0
55.7,60.8,57.6,91.5,82.3,58.8,65.8,52.5,65.6,1,-1.3,15.0,58.4,4,67.9,1
51.8,55.2,47.5,49.8,78.0,37.9,55.2,63.2,54.8,3,3.6,11.1,64.5,6,53.7,0
46.3,35.0,37.2,26.6,38.7,40.4,50.4,15.0,36.2,3,2.7,9.5,66.6,8,35.7,0
35.5,21.0,35.3,24.8,41.9,25.5,41.0,62.4,35.9,3,1.1,8.6,60.5,7,32.1,0
43.6,56.1,50.4,65.8,46.5,43.9,41.6,50.3,49.8,4,5.6,10.0,76.1,7,48.9,0
66.1,60.1,61.1,65.7,63.8,75.8,61.4,70.6,65.6,3,0.5,9.8,84.0,0,77.6,1
63.9,37.0,62.3,56.2,40.0,26.9,55.3,61.1,50.3,2,-0.8,10.4,58.6,5,54.7,0
48.0,61.0,40.7,45.5,49.4,48.0,56.3,48.6,49.7,7,13.5,8.3,81.2,7,49.7,0
25.2,15.0,15.0,24.2,20.0,10.0,27.0,24.6,20.1,4,9.1,9.5,81.6,8,18.3,0
79.1,75.3,54.2,79.8,73.5,47.9,79.7,69.0,69.8,7,19.0,11.0,63.3,2,82.9,2
59.7,46.3,79.8,77.6,61.4,55.6,46.1,39.1,58.2,2,-2.0,10.1,56.0,5,59.2,0
45.6,59.5,77.9,46.1,63.5,49.5,72.4,55.1,58.7,4,6.3,10.3,64.1,5,60.8,1
27.4,22.1,26.4,21.1,38.7,10.8,20.0,32.5,24.9,5,10.0,8.7,74.7,8,23.3,0
38.8,43.5,51.5,43.5,35.5,50.0,25.1,41.4,41.2,2,-0.1,10.6,74.9,8,39.2,0
18.7,30.4,29.5,54.3,20.0,27.4,26.3,15.0,27.7,6,17.3,9.2,63.8,8,24.7,0
71.9,80.0,78.4,49.9,75.0,27.0,60.3,76.3,64.9,1,-0.4,15.0,44.9,2,67.5,1
60.9,62.8,55.0,68.2,76.4,74.5,77.0,51.1,65.7,4,7.4,11.1,70.4,2,76.9,1
50.3,73.7,42.2,44.1,70.7,33.9,60.2,62.0,54.6,4,6.8,10.2,57.3,4,60.7,1
47.8,55.0,78.4,68.4,64.0,32.2,81.1,73.1,62.5,3,5.6,12.0,50.2,3,65.5,1
63.5,57.4,40.8,32.7,63.5,41.1,63.9,61.9,53.1,4,1.3,8.4,61.8,4,58.6,0
79.1,88.0,67.9,54.1,91.3,59.8,79.6,87.5,75.9,1,-1.2,15.0,58.6,2,78.3,2
63.4,100.0,66.5,84.2,49.5,61.4,60.4,72.4,69.7,5,11.0,10.8,52.7,1,81.6,2
38.3,49.3,39.6,31.7,33.7,10.0,35.5,46.3,35.6,2,0.0,10.1,64.2,8,31.8,0
42.1,43.0,46.2,35.9,56.5,19.5,41.4,15.0,37.4,3,3.0,9.9,58.6,8,34.7,0
29.5,66.6,58.0,59.7,62.3,42.7,55.8,71.1,55.7,2,0.3,11.8,59.6,5,54.4,0
47.4,57.0,43.9,48.7,49.2,33.2,39.5,55.6,46.8,3,7.6,12.2,76.3,8,45.5,0
39.7,47.3,30.7,51.0,27.5,48.1,57.5,48.9,43.8,4,9.2,10.4,69.0,8,44.0,0
66.7,55.2,62.9,38.5,80.4,52.5,66.5,72.7,61.9,7,9.6,8.4,61.1,3,68.8,1
43.3,44.6,55.1,28.8,51.5,46.5,32.6,35.2,42.2,3,2.8,9.7,72.3,8,40.7,0
50.1,53.8,54.7,46.5,71.5,67.3,65.9,67.5,59.7,2,-1.7,10.5,71.8,4,62.2,1
64.9,38.1,64.6,56.9,47.5,50.0,43.3,69.1,54.3,3,6.6,11.7,66.2,5,58.7,0
37.8,37.0,48.4,40.8,36.0,10.0,30.8,16.9,32.2,5,7.0,8.2,61.9,8,27.3,0
48.1,55.4,56.5,70.5,50.9,40.9,80.1,65.2,58.4,2,-0.8,10.7,61.7,5,56.9,0
75.1,78.0,63.6,76.9,83.4,56.6,55.2,64.4,69.2,2,-0.4,11.6,68.4,2,74.0,1
41.9,40.6,35.0,39.2,39.7,36.6,60.7,34.5,41.0,3,2.0,9.4,74.9,7,42.0,0
92.5,61.8,81.5,61.4,76.8,25.9,54.6,47.2,62.7,2,-0.6,11.3,37.0,3,71.3,1
53.6,66.2,65.7,73.8,55.1,39.4,63.2,60.9,59.7,1,-2.0,14.1,68.8,3,62.2,1
33.6,32.3,29.3,51.0,21.5,10.0,28.2,49.5,31.9,1,-2.9,12.0,59.4,8,23.9,0
16.7,32.2,47.9,27.8,20.0,10.3,32.8,22.3,26.2,2,-0.1,9.9,65.1,8,23.6,0
54.5,46.6,52.3,33.1,50.4,35.9,30.6,52.7,44.5,1,-0.6,14.8,70.8,8,40.6,0
33.7,34.3,15.0,15.0,38.3,16.6,20.0,31.0,25.5,4,5.9,8.7,70.7,8,25.5,0
82.3,74.7,79.5,57.4,74.9,64.9,95.9,65.8,74.4,1,-1.2,15.0,64.1,1,84.4,2
60.6,73.1,78.9,76.8,86.1,60.5,54.6,68.6,69.9,2,1.7,13.1,67.8,1,77.2,1
32.8,65.7,67.1,55.8,35.2,36.5,37.4,41.0,46.4,2,3.3,13.0,57.5,6,46.5,0
53.7,52.0,77.5,41.3,56.3,46.4,48.4,37.0,51.6,4,3.3,8.6,63.3,7,51.3,0
31.9,40.8,49.3,66.9,56.6,37.5,36.1,43.8,45.4,7,19.0,9.7,65.0,7,46.7,0
83.8,85.2,74.8,65.3,79.1,38.8,57.7,64.1,68.6,4,5.7,10.4,53.4,2,77.2,1
39.3,63.6,47.2,47.7,35.1,34.2,51.1,66.8,48.1,3,3.1,10.5,63.5,6,44.6,0
51.7,63.6,43.4,70.1,65.0,43.5,32.8,54.4,53.1,4,5.2,9.6,61.8,5,56.0,0
58.4,77.8,47.9,82.2,67.7,55.1,56.2,51.8,62.1,1,-2.1,14.6,62.7,5,65.0,1
42.1,31.0,47.2,43.0,38.8,17.6,55.4,56.8,41.5,1,-2.3,13.2,61.6,8,34.8,0
23.6,32.8,40.4,33.5,32.3,30.6,32.5,29.3,31.9,1,-0.6,13.8,86.0,8,32.3,0
77.4,87.9,80.4,79.9,81.9,68.6,96.1,75.1,80.9,1,-2.0,14.9,75.2,0,94.4,2
44.9,58.9,63.9,91.7,43.7,48.0,70.3,73.7,61.9,2,2.2,13.1,50.4,4,60.1,1
54.1,43.0,77.6,61.8,50.7,54.2,77.4,63.0,60.2,3,2.1,10.4,63.0,4,63.0,1
80.6,73.7,100.0,53.3,81.2,46.4,66.0,62.2,70.4,1,-4.3,12.6,48.6,2,73.5,1
75.2,68.4,56.6,75.3,72.3,71.9,66.6,71.2,69.7,10,13.6,7.6,81.8,1,84.7,2
12.5,27.2,15.0,45.3,44.9,67.1,47.0,50.7,38.7,7,9.7,7.3,43.6,7,31.0,0
34.1,38.3,35.2,34.0,20.4,17.6,20.0,35.3,29.4,13,30.4,7.0,74.7,8,29.0,0
60.1,78.9,84.5,71.5,77.1,81.7,79.3,81.8,76.9,1,-1.6,15.0,76.6,0,85.6,2
46.5,38.8,35.2,34.0,66.3,35.9,48.1,55.1,45.0,7,10.7,8.1,65.9,7,40.7,0
16.9,42.9,31.8,26.9,43.7,10.5,20.0,15.0,26.0,6,7.6,6.5,62.2,8,22.9,0
81.4,71.9,58.2,58.2,59.4,76.0,73.7,55.1,66.7,9,15.3,8.2,69.8,4,74.1,1
20.1,15.0,38.0,31.3,42.1,27.7,20.0,50.1,30.5,3,5.3,10.4,63.5,8,23.8,0
28.3,55.7,34.8,41.7,64.2,50.0,46.1,46.1,45.9,6,8.0,7.8,66.1,7,44.8,0
54.2,58.9,37.4,49.7,34.8,39.9,53.8,35.7,45.6,1,-3.2,12.7,71.2,8,42.6,0
56.9,74.0,43.9,61.4,75.7,25.9,52.8,42.8,54.2,1,-1.2,14.9,50.0,5,58.2,0
96.4,75.3,88.4,80.2,84.0,100.0,84.0,65.1,84.2,1,-0.5,15.0,66.5,0,96.2,2
24.7,40.2,23.0,47.0,30.4,23.1,29.6,40.0,32.2,9,17.8,7.0,72.8,8,26.4,0
78.1,61.9,66.4,73.6,58.5,58.9,73.7,67.3,67.3,1,-0.5,15.0,78.1,2,76.5,1
51.7,46.7,52.1,51.7,48.3,35.8,50.3,74.0,51.3,1,-3.4,12.6,68.2,7,50.9,0
50.2,35.9,30.4,32.2,36.9,50.2,31.7,51.4,39.9,10,10.2,6.0,72.6,8,38.6,0
85.2,45.6,66.1,73.3,56.5,68.5,61.1,73.2,66.2,1,-0.8,15.0,64.0,2,76.8,1
57.3,66.3,61.9,55.7,64.1,31.1,56.7,83.2,59.5,8,11.6,7.9,56.6,4,58.7,0
52.4,38.6,53.5,39.8,51.6,38.1,32.1,29.0,41.9,6,11.3,8.4,71.6,8,41.4,0
58.5,36.7,83.2,48.7,55.7,71.0,68.9,47.7,58.8,1,-3.2,13.5,55.2,5,59.2,0
59.2,58.5,44.2,62.6,49.9,67.2,58.7,63.3,58.0,1,-0.9,15.0,77.6,5,58.6,0
56.5,87.2,77.1,100.0,76.6,74.8,76.2,70.5,77.4,3,2.9,11.3,62.5,1,82.0,2
57.2,49.8,36.2,56.9,52.4,66.7,55.3,66.7,55.2,15,17.8,6.4,70.7,6,56.8,0
51.2,57.0,73.6,72.1,66.6,49.4,66.3,78.5,64.3,8,12.1,8.2,67.9,3,71.1,1
64.2,55.9,63.1,67.1,47.4,27.1,63.0,59.1,55.9,2,2.0,12.3,60.7,4,60.0,1
98.9,50.4,44.7,70.3,61.8,65.1,82.6,95.7,71.2,2,-1.1,11.8,40.6,2,77.5,1
50.8,50.5,51.1,24.4,60.2,31.7,66.6,44.4,47.5,2,-2.0,10.2,58.4,6,43.7,0
14.7,30.1,15.1,36.4,20.0,11.4,24.7,36.1,23.6,5,8.8,8.0,70.6,8,18.2,0
38.8,49.7,50.6,56.6,65.3,38.2,49.0,45.6,49.2,2,1.4,12.2,73.3,7,46.1,0
67.1,50.6,57.0,68.1,62.3,43.8,73.6,83.9,63.3,1,-5.0,11.8,61.6,3,67.1,1
42.8,37.7,49.8,52.0,43.4,52.2,36.5,55.8,46.3,5,2.0,7.2,78.5,8,42.2,0
36.4,26.9,55.6,59.9,43.2,24.3,37.7,49.7,41.7,3,5.0,10.8,61.5,8,37.7,0
75.3,50.0,52.0,55.3,68.6,75.5,55.1,49.0,60.1,1,-2.7,13.5,66.5,5,66.6,1
22.1,39.6,15.6,57.2,44.9,37.1,32.0,20.6,33.6,6,9.0,7.1,58.3,8,29.1,0
76.4,96.1,66.2,78.2,75.6,78.5,83.4,74.0,78.6,4,0.9,8.8,74.2,0,91.7,2
59.4,60.2,55.5,72.4,53.2,42.8,68.1,79.8,61.4,3,0.4,9.5,65.0,4,63.9,1
66.7,91.7,80.3,81.6,83.4,76.6,92.2,100.0,84.1,4,9.8,12.6,68.9,0,90.2,2
47.2,59.7,61.0,73.1,68.6,47.2,79.3,73.4,63.7,3,6.4,12.7,63.9,3,67.9,1
55.6,28.2,54.5,29.1,48.7,47.5,60.4,45.1,46.1,4,4.5,9.1,64.5,7,49.6,0
64.4,65.9,60.2,38.2,41.9,14.6,32.9,51.4,46.2,8,22.8,9.4,46.9,5,51.3,0
73.0,63.4,53.2,82.9,59.8,76.5,92.5,84.0,73.2,4,9.1,11.7,59.7,2,79.4,2
76.9,78.0,74.0,68.2,79.4,52.8,81.8,71.7,72.8,4,8.8,11.6,72.5,1,84.3,2
28.5,42.8,51.8,26.9,48.5,39.5,37.7,35.5,38.9,4,3.7,8.3,73.7,8,34.5,0
54.9,55.3,38.3,35.7,43.5,45.1,46.7,51.5,46.4,3,5.0,10.8,78.3,8,46.7,0
90.0,88.9,91.7,67.9,90.7,61.6,66.4,74.5,79.0,1,-3.0,14.2,62.1,0,90.3,2
52.6,65.0,59.9,60.8,67.2,43.2,59.3,56.7,58.1,2,3.0,13.4,77.5,5,56.2,0
60.5,59.5,40.6,44.1,43.2,46.5,51.3,53.6,49.9,5,5.3,8.4,77.5,7,52.1,0
35.2,70.9,41.1,75.6,53.2,61.6,52.9,64.5,56.9,2,-1.6,10.5,58.0,4,62.5,1
82.6,70.0,82.3,75.9,88.9,63.8,83.5,70.8,77.2,2,1.8,13.3,74.6,0,87.0,2
44.3,69.7,59.8,34.2,48.0,54.2,52.9,51.1,51.8,5,12.4,10.4,68.6,7,54.7,0
42.0,50.1,75.4,77.4,50.2,61.7,45.6,58.6,57.6,1,-1.0,15.0,60.4,5,57.2,0
49.8,47.4,53.6,46.0,52.7,37.5,33.6,40.9,45.2,4,6.0,9.4,78.4,8,42.9,0
17.5,47.5,38.6,47.5,36.5,33.2,20.0,58.2,37.4,3,0.9,8.7,58.3,8,27.2,0
57.3,36.5,59.1,58.2,59.2,49.4,62.7,75.6,57.2,2,-0.8,10.8,66.7,6,56.4,0
73.5,100.0,86.2,90.8,86.8,93.5,86.8,82.6,87.5,2,1.0,13.5,76.7,0,99.9,2
44.6,67.0,56.5,56.7,53.1,49.4,69.3,51.2,56.0,1,-4.2,12.3,74.6,6,52.4,0
67.0,100.0,59.0,70.5,59.6,75.0,98.8,60.5,73.8,2,2.6,13.4,49.8,2,83.5,2
34.3,61.1,16.8,36.8,20.1,36.2,27.5,42.6,34.4,2,-0.2,10.4,58.4,7,32.9,0
81.4,64.7,54.5,68.7,53.1,46.6,68.2,62.8,62.5,2,0.6,12.1,67.2,3,72.0,1
47.0,83.0,61.8,60.3,69.0,55.1,77.9,47.0,62.6,4,6.9,10.6,60.2,3,70.1,1
68.4,62.6,19.7,49.3,64.4,30.7,47.7,50.4,49.2,3,-0.1,8.9,49.5,5,54.6,0
55.7,72.6,62.4,50.1,63.5,43.0,67.3,74.0,61.1,6,13.1,10.3,67.6,3,65.6,1
91.8,62.8,90.4,79.5,67.1,80.3,87.7,91.9,81.4,4,7.9,11.8,66.2,0,98.3,2
66.1,38.5,69.1,56.8,64.6,58.4,78.9,74.2,63.3,1,-2.7,13.3,62.7,3,65.0,1
68.1,65.2,57.4,88.4,76.2,56.8,71.7,58.8,67.8,2,1.3,12.6,67.5,3,75.8,1
63.9,68.5,65.6,79.0,80.8,66.0,66.4,65.5,69.5,1,-3.5,13.6,80.3,0,79.6,2
63.4,84.5,71.5,71.0,67.3,64.6,76.2,78.0,72.1,11,25.2,9.6,78.5,0,86.2,2
42.5,81.9,58.7,52.7,71.4,61.2,62.2,54.5,60.6,8,16.4,9.1,64.2,4,65.1,1
92.4,80.4,83.0,73.3,75.9,90.2,53.3,61.5,76.2,1,-0.2,15.0,59.7,1,89.7,2
56.8,53.7,79.6,51.1,69.7,68.0,59.7,52.1,61.3,3,7.0,12.5,69.7,5,66.8,1
52.2,76.5,44.7,58.1,67.3,57.3,66.7,69.3,61.5,12,15.0,7.0,69.1,4,64.6,1
37.0,42.1,41.3,42.3,43.7,43.1,51.8,41.1,42.8,5,11.3,10.0,87.5,8,40.8,0
64.4,50.8,39.6,58.4,58.7,50.4,48.9,72.3,55.4,3,3.0,10.8,69.5,6,53.1,0
42.7,53.1,47.6,58.5,59.7,22.7,51.4,61.7,49.7,1,-1.2,14.4,62.2,7,45.1,0
46.4,61.2,62.7,43.2,73.4,55.1,60.8,55.6,57.3,2,-1.4,11.2,71.4,4,60.4,1
47.1,31.6,42.2,56.0,24.3,42.5,34.5,22.0,37.5,5,10.2,9.1,65.3,8,38.0,0
64.9,72.8,68.5,58.6,78.3,41.2,54.4,54.5,61.6,6,15.4,10.4,64.4,4,68.1,1
69.5,56.2,54.5,40.7,59.5,38.5,59.5,43.1,52.7,3,0.9,9.2,67.4,7,55.9,0
66.5,50.0,33.2,65.4,69.8,31.5,46.6,68.3,53.9,1,-1.5,14.4,52.7,4,55.3,0
43.2,62.8,78.6,76.5,91.8,82.5,95.5,79.1,76.2,10,17.8,8.9,50.2,1,82.1,2
86.5,62.1,48.3,55.6,60.4,44.1,72.1,74.3,62.9,7,10.3,8.7,57.7,3,71.6,1
55.2,63.8,62.4,23.0,44.6,44.8,45.2,46.5,48.2,1,-4.3,11.3,61.4,6,47.6,0
59.6,79.8,63.4,77.2,74.7,75.4,70.5,57.6,69.8,1,-3.6,13.2,74.6,2,76.2,1
65.4,86.9,53.3,80.1,57.4,58.4,63.4,67.3,66.5,3,4.9,12.0,65.4,3,75.7,1
64.1,63.0,52.4,54.3,47.8,43.1,64.1,59.0,56.0,2,-1.7,10.5,76.3,5,61.9,1
60.3,69.2,74.0,89.1,80.1,71.2,69.6,76.6,73.8,2,-0.7,11.8,74.5,0,85.1,2
54.6,68.6,66.2,58.7,66.1,73.8,61.6,40.5,61.3,1,-4.7,11.7,69.2,3,67.6,1
59.3,62.9,63.4,66.1,71.5,61.1,53.9,40.7,59.9,11,29.0,8.6,72.3,3,65.2,1
56.9,46.8,51.7,39.5,48.5,44.3,70.3,51.2,51.2,7,13.4,8.5,72.1,7,48.7,0
53.3,54.5,57.0,47.6,44.8,42.3,67.0,56.0,52.8,1,-2.7,13.7,76.4,7,50.8,0
80.9,52.6,76.1,61.7,67.3,57.9,79.4,51.5,65.9,8,27.1,11.4,64.6,3,73.4,1
55.2,44.8,59.8,47.6,60.5,22.5,58.9,43.3,49.1,4,6.7,10.0,61.8,7,50.9,0
54.2,59.8,52.7,67.2,47.8,37.8,49.4,34.7,50.4,2,-0.9,10.6,67.9,7,49.3,0
32.8,34.2,49.7,45.0,40.6,41.3,46.0,56.4,43.2,8,13.9,7.4,76.6,8,38.4,0
52.8,64.4,45.7,44.1,46.9,42.1,52.3,49.4,49.7,4,6.3,9.9,79.0,7,55.2,0
41.4,73.7,50.7,52.1,63.1,36.9,47.2,50.3,51.9,7,15.0,8.9,64.9,6,54.9,0
24.0,49.1,23.4,43.3,55.3,41.6,36.9,36.1,38.7,3,5.7,11.3,66.6,8,36.0,0
29.2,34.4,50.6,24.8,25.0,25.5,39.0,36.3,33.1,3,0.7,8.4,73.2,8,29.7,0
74.4,82.4,68.8,74.0,70.8,78.1,71.6,83.7,75.5,2,0.7,12.8,83.7,0,87.0,2
82.1,74.4,95.7,76.7,73.7,53.0,88.4,68.8,76.6,2,0.6,12.9,61.4,1,87.6,2
58.8,38.8,37.1,36.1,26.2,47.0,44.7,34.2,40.4,3,0.3,8.7,70.7,8,41.4,0
56.2,58.1,67.2,54.1,56.7,56.4,62.2,58.0,58.6,11,32.4,9.9,87.5,6,63.5,1
38.0,31.5,43.9,54.9,25.2,44.1,34.1,26.3,37.2,4,4.0,8.6,69.8,8,36.9,0
51.4,53.8,35.8,49.7,52.2,18.4,55.6,47.5,45.6,1,-1.9,13.5,62.5,8,42.8,0
10.0,15.0,23.6,31.9,26.5,26.6,20.0,26.2,22.5,1,-3.3,11.0,78.7,8,15.7,0
47.3,59.3,61.4,43.5,43.0,48.3,61.8,28.9,49.2,7,15.2,8.7,66.1,6,54.2,0
57.3,69.0,83.3,48.4,64.6,78.9,55.1,72.8,66.2,2,0.4,11.9,63.7,3,71.2,1
47.5,51.6,59.7,44.2,61.6,33.4,66.1,61.4,53.2,2,0.4,11.4,66.9,5,53.8,0
64.2,65.2,40.6,69.3,63.3,41.0,56.7,21.2,52.7,6,13.4,9.7,49.8,4,58.2,0
10.0,15.0,15.0,15.0,29.0,10.0,20.0,15.0,16.1,11,24.8,6.1,81.7,8,10.8,0
42.3,26.3,47.9,54.3,36.1,18.0,20.0,26.6,33.9,5,10.9,9.1,60.1,8,29.1,0
47.0,79.0,57.6,55.6,85.2,82.8,58.7,77.0,67.9,1,-0.2,15.0,56.1,4,73.2,1
38.8,33.0,63.4,66.9,57.3,54.1,59.3,61.4,54.3,2,-0.1,11.3,63.9,5,57.6,0
11.9,41.7,42.3,28.6,39.1,25.5,29.8,29.4,31.0,5,9.9,9.1,69.8,8,23.5,0
43.4,65.0,73.1,50.3,64.5,53.1,71.5,77.0,62.2,9,23.3,9.4,63.9,3,63.6,1
53.1,47.4,38.4,15.0,37.1,26.9,34.4,23.5,34.5,15,21.2,5.3,62.6,8,34.0,0
71.7,89.2,70.6,95.5,66.0,37.3,66.8,61.5,69.8,3,0.2,10.0,47.1,1,81.1,2
65.3,73.1,97.7,80.8,65.9,41.7,66.2,59.6,68.8,7,16.6,10.4,51.4,2,77.9,1
72.0,72.1,72.1,71.1,63.7,71.4,60.8,60.5,68.0,1,-2.1,14.3,84.1,0,85.9,2
50.7,32.5,47.2,35.3,21.3,45.8,34.1,51.2,39.8,2,3.6,12.8,68.2,8,37.6,0
26.3,37.8,33.7,30.9,38.5,16.0,46.2,30.9,32.5,2,-1.5,9.8,73.0,8,27.4,0
98.6,84.4,54.1,78.5,59.0,59.4,69.1,70.9,71.8,13,42.5,10.4,55.3,3,84.8,2
72.0,69.0,64.9,52.8,63.2,51.2,81.7,70.9,65.7,1,-1.7,15.0,69.7,2,73.0,1
87.5,84.7,63.1,79.1,74.9,88.8,90.7,81.5,81.3,2,1.7,13.7,72.9,0,94.9,2
63.3,47.1,53.4,41.8,65.4,57.4,49.5,61.3,54.9,10,14.8,7.3,74.9,5,59.9,0
56.5,56.6,60.4,53.4,55.4,29.7,46.9,61.8,52.6,2,0.9,11.7,69.2,6,57.2,0
44.5,61.6,64.0,28.2,53.0,48.1,44.0,55.6,49.9,1,-2.3,13.6,65.8,6,49.5,0
73.9,57.9,44.9,30.7,45.2,42.8,40.4,61.5,49.7,5,8.9,9.2,58.7,6,51.8,0
32.2,24.2,72.1,26.9,46.6,31.5,20.0,23.4,34.6,5,8.6,8.5,48.5,7,31.6,0
70.8,71.4,74.4,67.8,68.6,45.8,69.6,54.1,65.3,3,4.7,11.4,70.2,2,76.5,1
55.6,51.3,60.6,54.8,60.5,55.0,75.2,48.1,57.6,11,32.4,9.8,75.3,5,64.9,1
53.6,62.1,74.8,74.6,75.3,42.9,52.5,68.0,63.0,1,-2.5,13.9,63.3,3,66.6,1
68.1,29.0,38.9,66.5,43.9,23.9,34.8,60.5,45.7,9,14.5,7.2,48.5,5,44.7,0
44.6,45.5,49.5,43.5,48.5,23.6,52.0,42.7,43.7,5,9.1,9.2,73.8,8,38.7,0
69.6,59.6,64.8,50.4,64.5,47.6,63.1,73.1,61.6,2,0.6,12.4,73.6,3,68.1,1
50.6,43.7,33.2,61.3,43.7,48.1,60.4,29.8,46.4,6,6.3,7.5,66.0,6,49.4,0
79.1,50.0,54.8,29.3,42.1,49.1,41.2,48.6,49.3,1,-2.9,12.9,57.1,7,49.6,0
89.2,73.2,62.7,51.6,70.3,76.8,42.8,43.0,63.7,1,-4.4,12.3,49.8,3,76.8,1
72.4,66.8,57.7,35.6,61.1,47.6,56.5,57.8,56.9,10,15.2,7.4,66.1,5,63.8,1
100.0,51.2,74.9,88.1,66.0,77.8,72.0,52.8,72.8,1,-4.3,13.0,50.5,2,82.0,2
59.0,78.5,58.7,77.4,76.2,63.3,73.1,90.4,72.1,1,-0.3,15.0,67.0,2,81.9,2
57.4,53.3,69.0,71.9,68.0,48.5,46.7,49.4,58.0,2,1.1,11.8,69.5,5,59.7,0
42.4,37.0,45.3,37.7,35.4,48.5,47.5,41.1,41.9,1,-1.6,13.8,85.2,8,39.3,0
30.7,43.6,48.9,42.3,45.2,54.5,56.8,75.1,49.6,7,9.2,7.7,60.9,7,43.6,0
70.1,64.8,48.3,57.8,64.9,59.1,68.9,65.2,62.4,9,15.4,8.3,78.8,3,72.1,1
45.8,55.6,68.8,35.5,65.9,37.6,54.3,32.8,49.5,3,2.5,10.1,58.7,6,48.3,0
81.8,68.5,73.9,82.1,59.3,60.4,64.4,58.1,68.6,2,0.9,12.3,70.8,2,80.6,2
60.1,63.5,64.3,100.0,83.5,76.9,51.9,88.0,73.5,3,2.0,10.5,51.3,1,81.6,2
54.0,32.7,43.8,50.5,49.2,55.5,64.2,48.7,49.8,1,-1.5,14.7,72.6,7,50.0,0
74.0,51.4,75.6,64.2,57.9,44.1,63.7,50.6,60.2,2,2.1,12.6,66.2,4,65.1,1
54.4,43.4,50.8,54.0,38.5,60.8,59.4,73.9,54.4,1,-1.0,15.0,67.3,6,52.4,0
56.8,67.1,35.6,50.5,34.0,19.0,41.2,34.3,42.3,3,5.7,11.1,54.5,7,45.0,0
60.5,57.3,54.9,70.1,53.7,44.5,62.1,54.5,57.2,4,8.3,10.8,77.7,5,62.4,1
36.5,41.4,37.2,19.2,34.6,14.4,33.5,48.5,33.2,10,14.5,6.1,66.4,8,27.8,0
72.6,83.0,72.4,68.5,88.1,65.5,84.1,68.2,75.3,5,9.6,10.7,74.5,0,85.0,2
52.6,51.5,15.0,63.8,40.1,59.1,46.1,37.5,45.7,5,11.8,10.0,54.3,7,47.0,0
72.1,69.7,75.7,79.7,78.1,74.6,60.9,51.2,70.2,2,2.0,13.4,71.1,1,83.0,2
76.2,80.0,95.2,88.4,72.5,50.2,85.9,71.7,77.5,8,19.0,10.6,59.0,1,89.1,2
77.0,56.4,66.3,83.9,88.5,61.0,70.4,67.1,71.3,11,20.0,8.7,66.8,1,80.1,2
51.8,39.8,56.2,46.6,50.0,11.6,31.8,32.8,40.1,10,11.2,5.8,56.6,8,38.5,0
52.1,50.5,56.8,62.3,56.5,55.7,46.9,50.5,53.9,1,-2.7,13.0,85.5,7,57.2,0
52.7,44.6,49.8,55.1,54.4,30.8,53.7,43.6,48.1,4,6.0,9.4,75.3,8,45.9,0
59.9,62.5,47.4,59.7,59.3,54.4,67.4,45.1,57.0,4,4.8,9.7,77.4,6,60.4,1
53.2,63.6,78.6,80.1,79.4,69.8,80.0,92.2,74.6,2,0.2,12.5,64.0,1,78.4,2
36.0,48.8,55.2,51.0,50.1,48.1,63.7,37.8,48.8,15,42.4,8.6,73.4,7,49.0,0
49.6,47.2,52.2,44.4,53.0,10.0,54.2,75.0,48.2,2,-1.6,10.3,46.1,7,45.0,0
56.3,77.9,79.8,68.9,62.7,67.3,73.2,71.4,69.7,1,-4.1,12.9,76.8,1,76.2,1
67.9,75.2,68.8,72.0,77.2,58.4,71.9,86.3,72.2,3,3.6,11.6,75.9,1,82.1,2
62.7,63.1,65.3,47.0,73.8,73.7,60.0,75.5,65.1,2,1.8,13.1,71.8,1,74.4,1
37.7,44.0,36.8,56.0,54.5,42.3,50.1,62.8,48.0,9,15.4,7.3,72.1,7,45.7,0
55.9,29.0,34.2,53.1,43.2,43.5,23.1,38.9,40.1,3,4.2,10.2,66.3,8,39.5,0
46.9,45.4,46.2,56.1,56.8,32.3,38.7,44.8,45.9,2,1.2,11.7,75.7,8,45.1,0
77.0,73.0,63.0,77.3,58.6,42.8,68.7,69.3,66.2,4,9.2,11.6,65.7,2,78.1,2
61.3,45.8,56.4,57.6,74.0,65.4,51.8,56.1,58.6,1,-1.9,14.3,74.4,5,62.0,1
77.3,60.6,71.1,54.0,58.2,61.7,61.4,65.8,63.8,5,4.8,8.5,77.7,2,74.4,1
56.6,37.7,63.1,58.5,24.4,42.8,46.2,63.6,49.1,6,17.8,10.3,58.6,6,52.4,0
72.6,65.4,62.9,64.8,75.9,74.0,75.7,58.8,68.8,3,1.7,11.0,80.3,1,80.1,2
100.0,98.0,93.6,61.9,83.0,74.5,79.2,75.6,83.2,11,33.6,10.7,60.6,0,100.0,2
47.4,67.9,61.1,59.7,54.1,29.1,53.9,79.6,56.6,4,8.9,10.9,55.6,5,55.2,0
40.0,32.8,27.9,45.3,20.0,48.8,26.3,33.7,34.4,5,6.7,8.0,70.6,8,33.9,0
91.0,83.5,80.8,96.9,88.7,74.8,93.9,97.8,88.4,9,14.7,9.2,75.6,0,100.0,2
92.8,64.8,88.5,62.9,88.2,75.5,68.5,96.5,79.7,4,6.3,11.5,60.0,0,94.6,2
86.7,60.1,56.0,74.9,67.6,62.8,97.5,59.3,70.6,2,0.8,12.9,55.9,2,77.5,1
37.2,35.4,45.8,33.2,52.4,10.0,52.0,50.4,39.6,1,-0.6,14.9,57.5,8,32.4,0
60.3,52.7,58.3,64.0,50.9,54.3,62.6,54.7,57.2,5,12.6,10.5,85.7,5,60.3,1
79.6,72.0,62.7,89.4,53.3,50.7,80.6,100.0,73.5,12,25.2,8.7,48.3,2,83.1,2
45.2,50.4,28.0,53.4,52.6,42.0,45.2,15.0,41.5,3,3.6,10.3,59.9,8,44.4,0
59.5,70.3,63.9,54.9,63.9,43.6,55.1,42.4,56.7,2,1.7,12.7,70.5,5,58.5,0
26.3,40.9,63.6,28.7,51.7,27.5,35.8,34.1,38.6,3,5.7,10.8,60.8,7,36.5,0
75.8,58.8,60.6,64.3,61.6,56.8,79.7,65.4,65.4,5,5.9,9.3,75.5,2,75.4,1
54.9,67.4,54.2,52.1,60.8,44.2,55.7,52.2,55.2,1,-4.0,12.6,79.7,6,57.5,0
54.9,60.4,49.8,51.1,63.1,43.3,54.3,42.5,52.4,8,18.2,8.9,78.0,6,59.8,0
32.2,30.7,53.6,26.3,24.9,23.3,20.0,42.6,31.7,8,18.0,7.9,66.4,8,29.6,0
35.1,32.2,31.6,34.3,61.9,31.1,43.6,41.4,38.9,3,5.4,11.3,69.0,7,35.9,0
21.4,47.7,43.2,40.3,43.9,45.8,24.0,27.2,36.7,1,-0.8,14.1,68.1,8,31.1,0
74.3,71.2,63.0,75.1,72.8,50.7,87.5,81.2,72.0,4,7.4,11.1,66.5,1,81.1,2
45.2,22.3,47.1,74.7,50.2,53.8,38.7,61.9,49.2,1,-2.8,13.2,53.5,6,44.4,0
60.6,90.9,54.5,61.5,61.1,69.3,72.5,61.4,66.5,3,7.3,13.0,66.1,1,79.3,2
14.6,20.8,22.6,15.0,20.0,34.5,39.3,15.0,22.7,1,-3.3,11.4,72.1,8,21.0,0
61.4,97.7,57.5,80.4,73.5,54.8,81.5,80.4,73.4,4,5.5,10.4,56.2,2,82.5,2
82.0,67.4,55.4,74.6,33.8,52.7,78.5,51.0,61.9,2,-0.5,11.4,50.6,4,67.7,1
47.6,59.8,31.1,76.2,55.8,52.1,78.7,76.5,59.7,7,20.6,10.6,50.0,5,62.6,1
56.2,42.3,18.7,59.8,32.1,41.9,39.2,44.3,41.8,6,15.5,9.4,61.3,8,45.5,0
51.0,48.4,59.0,75.1,45.5,45.7,60.4,52.8,54.7,15,45.0,9.1,70.3,6,55.1,0
49.8,59.5,72.7,45.6,59.9,57.9,60.5,63.1,58.6,2,-0.8,11.0,75.4,5,59.6,0
67.9,86.4,100.0,83.7,49.0,52.9,69.2,39.9,68.6,1,-3.8,12.8,38.2,3,73.0,1
45.2,36.3,56.4,42.1,57.2,55.6,49.2,63.0,50.6,3,1.9,9.5,73.1,7,50.3,0
37.1,47.1,34.3,52.0,49.2,35.2,56.9,37.7,43.7,1,-2.6,12.8,74.1,8,42.5,0
35.1,26.5,15.0,38.5,46.7,27.4,35.3,35.5,32.5,1,-2.6,12.5,71.6,8,25.6,0
29.6,29.5,37.2,19.5,24.6,31.1,20.0,23.4,26.9,4,6.5,8.9,81.8,8,25.3,0
26.9,53.4,15.0,47.5,32.3,49.5,35.3,28.6,36.1,4,2.5,7.5,60.6,8,34.9,0
66.9,62.7,46.0,50.6,64.3,41.3,63.8,75.1,58.8,1,-4.1,12.2,65.3,3,62.2,1
38.1,64.9,66.1,80.5,54.6,64.1,48.0,52.4,58.6,3,4.4,11.1,60.9,4,62.7,1
25.9,39.6,41.6,29.4,31.9,21.7,28.4,32.8,31.4,3,2.1,9.2,80.1,8,30.0,0
48.1,88.4,46.3,45.2,59.2,52.0,67.9,65.9,59.1,2,-2.1,10.2,56.0,5,61.7,1
47.7,51.0,39.7,52.2,58.7,42.7,56.0,64.2,51.5,8,17.3,9.1,75.6,7,53.0,0
72.0,54.3,72.6,90.0,60.5,58.0,68.2,89.3,70.6,1,-4.3,12.7,59.8,2,74.3,1
30.4,45.2,30.2,15.0,20.0,12.6,20.0,15.0,23.5,2,0.3,10.1,67.0,8,22.4,0
32.3,52.9,74.0,68.6,47.1,59.7,59.1,50.6,55.5,1,-2.2,13.9,61.1,6,51.3,0
55.3,66.5,30.8,85.2,37.7,47.4,73.0,43.9,55.0,1,-3.3,13.2,44.2,5,56.3,0
56.1,79.9,61.2,58.3,51.6,60.9,67.6,74.8,63.8,8,13.0,8.2,71.2,3,66.2,1
36.6,46.5,52.0,37.1,54.8,28.6,35.7,25.3,39.6,2,0.6,11.0,68.2,8,38.1,0
17.3,59.2,29.0,36.4,20.0,29.3,46.0,37.7,34.4,5,7.5,8.1,58.9,8,32.8,0
28.8,36.1,15.0,20.7,37.7,49.7,41.2,17.9,30.9,2,-1.8,9.2,63.1,8,29.2,0
56.1,60.1,55.3,100.0,79.5,49.3,78.2,60.9,67.4,4,5.5,10.3,49.1,3,70.6,1
27.3,15.0,33.2,42.8,20.0,18.0,40.8,20.4,27.2,10,15.5,6.2,68.1,8,23.9,0
10.0,33.3,23.6,15.1,46.5,21.7,22.5,28.9,25.2,7,6.7,6.0,66.3,8,20.3,0
49.2,29.8,56.9,43.6,52.8,47.2,44.6,77.7,50.2,1,-2.4,13.6,59.1,7,47.5,0
20.8,35.2,46.4,34.8,43.7,35.3,25.9,15.0,32.1,7,11.1,7.0,67.5,8,28.6,0
70.5,90.2,67.8,56.1,76.5,66.1,84.9,59.5,71.4,3,5.7,12.5,64.6,2,80.9,2
47.9,45.7,59.6,26.5,40.2,43.1,32.9,52.0,43.5,2,3.1,12.7,68.6,8,38.6,0
74.1,77.2,72.1,77.7,45.7,50.3,62.9,72.3,66.5,4,2.9,9.7,63.0,2,75.9,1
55.8,57.9,50.9,61.0,35.7,45.7,28.6,31.6,45.9,11,33.8,9.3,62.4,7,47.6,0
48.2,61.2,51.3,65.5,59.8,51.6,40.7,47.2,53.2,1,-3.7,12.4,75.2,6,52.7,0
67.6,74.0,64.3,59.9,75.9,63.1,53.2,42.1,62.5,6,15.4,10.4,67.0,3,74.9,1
88.7,75.6,80.6,70.9,61.4,62.4,78.0,68.9,73.3,1,-4.8,12.5,72.2,0,88.8,2
47.6,21.1,52.7,46.7,44.2,39.6,33.2,33.2,39.8,2,-0.2,10.7,69.4,8,38.8,0
36.7,51.7,38.1,52.2,33.1,43.1,43.7,41.5,42.5,8,11.8,6.9,79.7,8,42.9,0
40.8,35.1,15.0,21.9,40.6,17.4,36.3,44.4,31.4,3,-1.7,7.4,65.4,8,24.2,0
62.6,50.3,65.8,49.3,60.1,27.4,39.3,27.1,47.7,1,-0.4,15.0,54.5,5,54.3,0
78.3,70.9,42.1,61.4,62.9,43.6,67.3,67.4,61.7,3,3.3,11.1,61.8,2,70.2,1
75.5,68.9,58.1,62.8,72.6,49.8,68.5,38.2,61.8,6,14.1,10.4,62.2,3,73.2,1
82.1,64.8,42.8,71.2,65.8,79.5,93.0,72.2,71.4,3,3.1,11.3,55.6,1,81.4,2
72.1,58.0,91.0,70.7,71.9,92.1,75.3,90.3,77.7,1,-1.2,15.0,63.3,1,85.4,2
46.4,49.2,48.1,53.0,50.6,25.2,24.9,38.8,42.0,3,1.1,9.0,66.3,8,39.5,0
16.1,15.0,15.0,15.0,20.0,10.2,20.0,17.0,16.0,9,21.7,6.9,90.6,8,17.4,0
33.0,50.3,65.1,28.2,44.4,35.2,49.8,56.9,45.4,4,1.8,8.0,62.2,7,45.9,0
81.8,73.8,74.6,60.0,63.6,68.1,76.2,78.0,72.0,5,4.6,8.9,77.7,0,88.1,2
15.6,48.2,38.3,49.3,40.7,35.9,62.0,46.5,42.1,6,11.7,8.3,59.8,7,36.7,0
74.9,90.5,70.5,57.8,70.1,46.9,62.2,71.4,68.0,1,-1.9,14.7,61.5,2,78.9,2
56.7,57.4,49.1,54.0,48.8,39.1,47.7,44.8,49.7,4,6.6,10.1,81.5,8,47.1,0
49.9,49.9,38.6,56.0,57.2,45.6,58.7,61.4,52.2,2,0.2,11.4,77.2,7,49.8,0
71.7,86.1,77.9,71.0,39.2,77.0,86.5,84.7,74.3,1,-2.1,14.5,53.8,1,81.7,2
48.9,57.0,43.7,66.0,52.7,30.1,50.9,50.3,50.0,1,-2.4,13.2,69.0,7,47.0,0
57.0,75.2,50.6,81.1,81.9,43.0,70.7,74.6,66.8,6,11.0,9.9,56.1,3,70.0,1
78.0,64.7,66.8,74.4,56.3,72.7,71.9,41.0,65.7,1,-1.8,14.5,64.0,2,77.5,1
80.8,80.6,79.1,77.2,73.0,78.1,99.6,66.6,79.4,2,2.0,13.7,71.8,0,92.4,2
81.7,57.0,74.4,74.0,53.8,31.9,46.9,45.6,58.2,2,-3.0,9.5,48.6,5,61.6,1
55.3,46.3,49.7,48.4,37.3,45.3,36.3,33.2,44.0,1,-3.8,12.0,77.2,8,46.5,0
72.8,62.1,57.1,46.3,64.9,75.7,74.2,69.9,65.4,3,4.3,11.8,70.0,2,74.8,1
47.2,56.8,34.0,88.3,59.0,50.9,59.3,44.6,55.0,6,7.9,8.3,52.4,7,54.8,0
25.2,48.1,43.4,30.4,35.4,43.1,40.1,38.2,38.0,1,-4.9,10.1,77.7,8,33.6,0
81.8,71.3,77.8,85.7,83.3,78.9,76.9,74.5,78.8,1,-4.7,12.8,85.9,0,91.0,2
74.0,54.7,46.0,43.3,85.7,54.7,61.3,43.3,57.9,5,4.4,8.2,54.3,5,61.0,1
90.6,66.6,66.1,100.0,88.5,70.4,92.9,64.3,79.9,4,5.1,10.6,56.7,0,90.3,2
63.4,71.8,73.4,48.3,65.7,53.7,61.1,58.9,62.0,5,8.5,9.5,74.5,3,69.2,1
58.0,47.8,43.6,34.2,44.4,45.4,33.0,34.3,42.6,1,-3.3,12.0,74.5,8,39.2,0
37.1,48.3,74.2,41.8,62.5,52.6,68.0,61.8,55.8,6,10.5,9.2,61.1,4,58.0,0
72.0,45.1,68.8,71.1,71.8,72.5,64.3,63.3,66.1,3,2.5,10.8,72.5,1,76.8,1
54.2,50.5,30.1,37.7,41.8,39.5,42.8,60.6,44.6,4,9.3,10.4,70.5,7,48.1,0
54.4,34.6,69.7,29.2,58.8,44.3,46.5,58.6,49.5,1,-2.0,13.7,59.7,7,45.0,0
38.5,64.8,49.9,54.5,52.1,44.3,53.8,44.4,50.3,1,-3.2,12.9,75.9,7,47.7,0
92.9,69.7,84.7,76.6,73.1,63.7,73.8,52.4,73.4,6,8.1,9.3,63.0,1,90.1,2
33.3,34.1,39.0,24.3,36.7,26.3,20.0,21.1,29.4,1,-2.8,11.9,78.1,8,29.6,0
58.8,60.8,54.8,31.9,50.5,63.0,65.4,41.3,53.3,1,-4.5,11.8,65.3,5,57.6,0
68.7,62.5,53.6,71.2,58.4,67.3,70.7,46.6,62.4,4,6.8,10.8,73.4,3,70.3,1
54.6,23.1,24.0,17.1,23.9,17.7,43.3,39.4,30.4,3,-0.3,7.8,59.1,8,29.4,0
93.9,95.0,94.8,98.3,96.1,56.4,68.1,87.5,86.3,4,5.6,11.4,53.7,1,95.8,2
68.2,64.2,76.7,63.5,98.1,73.7,67.3,84.3,74.5,4,8.8,11.7,64.6,0,84.2,2
20.0,44.1,46.9,44.8,21.6,64.4,22.2,30.0,36.8,3,7.1,11.1,52.6,7,37.6,0
61.1,44.2,65.9,53.3,58.9,42.6,50.1,49.7,53.2,3,4.1,10.8,75.4,6,58.8,0
51.8,45.6,29.5,42.9,42.1,29.4,29.9,25.4,37.1,9,16.2,7.3,71.1,8,36.3,0
45.0,41.7,62.3,62.7,56.2,51.2,28.7,37.4,48.2,3,-1.0,8.2,63.7,6,51.4,0
47.5,55.5,41.9,44.5,60.9,36.3,61.6,32.9,47.6,4,2.1,8.5,67.6,6,48.9,0
34.9,15.0,28.2,15.0,31.7,38.2,20.0,32.9,27.0,2,-1.3,8.9,72.7,8,26.4,0
10.0,19.7,50.4,30.3,23.0,23.3,24.3,15.0,24.5,8,10.4,5.7,63.7,8,22.3,0
78.4,27.9,58.6,38.6,46.9,48.6,43.8,57.7,50.1,1,-2.2,13.9,54.6,7,49.7,0
43.6,44.8,31.2,43.1,46.0,36.0,36.7,49.7,41.4,3,5.1,11.3,81.6,8,40.9,0
38.6,48.8,50.2,34.4,56.5,60.5,57.1,58.9,50.6,2,-0.6,10.9,71.1,7,49.8,0
43.3,57.4,83.1,72.8,62.1,44.7,64.2,57.6,60.6,4,6.4,10.2,60.1,4,65.5,1
25.1,54.5,37.0,27.6,35.2,44.4,32.4,23.4,34.9,2,1.0,11.2,68.7,8,33.1,0
58.1,54.3,76.6,52.9,81.5,60.0,51.8,57.0,61.5,5,5.7,8.8,66.4,5,65.7,1
53.9,76.1,47.8,43.2,69.3,71.2,72.9,74.8,63.6,1,-3.2,13.2,60.5,3,66.0,1
96.6,75.1,78.4,77.8,63.6,77.2,85.6,73.7,78.5,2,-1.0,12.1,71.4,0,90.4,2
57.1,35.8,44.5,46.2,45.8,85.2,37.0,60.9,51.6,7,11.3,7.9,51.7,6,51.7,0
40.3,24.0,67.2,55.6,33.3,46.3,28.4,51.6,43.3,2,1.9,11.9,56.1,7,38.6,0
100.0,71.7,59.9,47.0,83.5,59.2,58.3,65.7,68.2,1,-3.7,13.0,49.9,4,77.1,1
54.6,59.5,34.7,50.3,35.6,45.8,54.4,48.7,48.0,3,5.8,11.8,73.3,8,47.7,0
42.8,51.7,73.3,64.3,48.8,51.7,52.0,47.9,54.1,14,37.3,8.1,70.4,6,54.5,0
41.2,59.2,59.3,70.9,58.2,45.4,57.2,50.6,55.2,1,-2.0,14.1,72.2,7,50.0,0
63.6,65.4,71.9,55.9,73.0,46.7,64.3,77.7,64.8,1,-0.7,15.0,70.2,2,69.8,1
59.8,60.6,36.9,56.4,59.9,43.7,47.9,41.0,50.8,4,7.3,10.4,71.4,7,55.2,0
46.6,85.6,63.7,86.8,81.9,51.6,75.6,64.6,69.6,2,0.3,11.8,54.0,2,71.6,1
34.9,37.4,42.0,27.4,50.7,68.2,50.9,42.0,44.2,2,3.0,12.5,62.7,7,42.3,0
70.0,89.5,53.9,41.1,48.0,63.0,76.2,69.9,64.0,7,10.4,8.6,52.6,3,71.3,1
55.0,71.7,69.0,54.7,75.7,45.4,61.7,69.9,62.9,1,-2.5,13.9,68.7,3,67.2,1
24.6,39.5,15.0,35.0,36.2,45.4,37.5,23.8,32.1,5,9.3,8.6,70.0,8,34.1,0
72.4,70.0,50.9,52.8,77.3,58.8,38.3,52.3,59.1,3,3.1,10.9,60.6,5,63.6,1
28.0,15.0,58.7,57.9,40.8,57.0,45.8,46.6,43.7,9,23.0,8.6,53.4,8,38.9,0
74.1,84.4,76.6,88.1,76.6,100.0,100.0,97.8,87.2,13,36.7,10.5,67.1,0,100.0,2
50.3,42.3,42.7,41.8,36.2,22.2,42.9,45.7,40.5,3,1.5,9.5,74.9,8,38.2,0
48.1,63.1,40.1,33.3,49.2,10.0,28.3,56.1,41.0,4,2.7,7.9,49.2,7,38.2,0
47.8,42.0,40.4,36.2,52.7,67.4,43.1,41.2,46.4,5,9.9,9.3,70.5,7,51.7,0
53.6,57.2,64.6,67.9,50.8,40.7,48.5,48.0,53.9,2,0.9,12.0,73.0,6,55.0,0
42.9,47.6,49.2,42.0,20.4,17.9,37.8,52.5,38.8,1,-0.7,14.8,61.2,8,34.0,0
74.4,48.9,43.9,47.1,73.6,48.2,66.0,55.7,57.2,12,23.1,8.0,62.9,5,62.3,1
48.4,33.7,30.3,52.9,20.0,20.6,46.5,32.5,35.6,2,-0.9,10.0,62.6,8,34.7,0
38.4,48.6,28.7,36.5,60.1,23.1,40.6,41.7,39.7,1,-0.2,14.9,65.9,7,35.2,0
51.3,32.4,49.1,37.8,40.6,60.7,43.9,66.0,47.7,7,7.6,7.4,65.8,6,48.4,0
29.5,34.6,32.0,54.3,29.9,21.2,22.2,33.8,32.2,4,5.4,8.5,69.4,8,29.7,0
60.5,60.0,72.1,76.8,71.7,39.0,73.7,70.2,65.5,1,-0.2,15.0,63.2,1,70.0,1
39.0,56.9,15.0,43.5,45.1,37.1,47.7,64.7,43.6,1,-0.0,15.0,55.9,7,42.8,0
47.8,59.3,66.1,51.9,57.4,36.0,52.3,62.3,54.1,2,0.3,11.5,71.7,6,56.6,0
30.6,17.2,32.2,31.0,33.8,25.2,22.8,28.8,27.7,10,20.1,7.0,83.3,8,31.1,0
21.2,24.3,15.0,26.0,23.1,21.4,34.2,41.1,25.8,10,16.0,6.1,75.4,8,23.0,0
80.7,79.9,84.7,70.1,72.3,78.0,93.9,71.0,78.8,2,-1.3,11.5,76.1,0,92.8,2
54.6,43.1,20.2,38.9,38.8,33.1,56.5,52.7,42.2,7,11.1,7.7,63.2,8,40.4,0
31.4,39.4,18.2,37.0,37.7,42.0,55.8,43.3,38.1,3,1.7,9.0,68.0,8,34.5,0
58.3,68.6,92.9,60.0,50.8,38.3,63.1,67.9,62.5,4,10.3,12.1,52.8,3,68.9,1
92.2,93.4,83.8,85.1,86.9,87.0,95.7,74.2,87.3,2,-1.0,12.1,79.7,0,100.0,2
54.3,58.2,43.4,52.9,51.5,64.7,65.6,52.1,55.3,3,4.1,10.8,78.1,6,58.2,0
60.2,65.0,65.4,55.6,73.3,54.4,60.8,58.8,61.7,2,-0.9,11.3,81.7,3,70.1,1
87.2,71.5,67.6,69.1,67.8,51.5,63.7,73.5,69.0,1,-0.2,15.0,70.2,1,78.8,2
55.4,51.2,62.2,69.5,68.5,40.3,53.5,67.2,58.5,1,-2.6,13.8,69.4,4,63.3,1
22.3,63.9,52.7,18.5,52.3,41.0,45.8,23.1,40.0,2,-0.9,10.4,49.7,7,37.2,0
70.0,100.0,74.8,85.0,77.3,86.9,65.1,82.0,80.1,14,25.5,8.3,67.4,0,95.4,2
60.7,39.3,46.4,27.3,45.3,31.0,58.4,77.1,48.2,12,21.9,6.8,50.4,6,46.0,0
71.3,76.2,72.1,68.4,61.9,82.4,63.7,70.8,70.8,7,19.0,10.9,80.4,0,86.7,2
41.5,60.3,38.3,15.0,61.6,26.5,52.4,60.0,44.4,1,-0.1,15.0,48.3,5,42.7,0
47.2,59.5,34.2,55.8,42.0,37.1,24.8,56.3,44.6,3,0.5,8.9,63.3,8,40.9,0
40.7,32.6,46.0,22.0,27.5,25.1,48.8,15.0,32.2,3,1.5,8.5,64.0,8,28.3,0
48.9,40.5,58.0,44.7,39.8,47.6,62.9,56.2,49.8,2,0.3,11.3,74.8,7,50.7,0
54.8,69.2,60.7,50.4,40.6,38.1,32.3,38.1,48.0,1,-1.0,14.6,61.5,6,50.7,0
68.3,78.8,69.8,44.6,87.3,80.3,75.0,67.9,71.5,3,5.2,12.2,61.8,1,79.4,2
74.7,70.8,69.6,68.2,69.2,77.9,66.3,49.8,68.3,1,-2.9,13.8,75.0,1,80.1,2
61.5,52.4,57.0,68.3,56.7,50.5,61.8,64.7,59.1,6,8.6,8.6,81.8,4,64.5,1
37.3,44.4,56.8,46.3,39.6,30.4,48.7,38.7,42.8,5,7.2,8.4,75.8,8,40.7,0
74.9,52.5,66.7,66.2,72.0,55.5,65.1,87.6,67.6,2,2.6,13.7,66.9,2,74.2,1
27.2,43.9,23.2,36.9,41.6,44.8,33.2,18.4,33.6,4,5.3,8.7,70.4,8,34.4,0
24.9,54.0,48.6,42.5,44.0,27.9,23.7,53.1,39.8,1,-3.0,12.5,62.4,8,35.1,0
48.8,53.0,47.6,60.3,51.7,23.4,50.4,54.5,48.7,2,-0.2,11.0,67.2,7,51.0,0
47.2,53.1,65.3,79.2,53.8,37.5,43.1,52.3,53.9,2,-1.2,11.0,60.7,6,48.2,0
46.8,46.4,49.1,36.4,37.3,44.9,52.9,21.9,42.0,6,7.4,7.4,70.6,8,44.2,0
61.8,71.8,54.9,65.5,64.1,36.4,48.6,58.7,57.7,1,-2.6,13.9,66.8,4,63.2,1
39.2,16.3,21.5,17.0,22.6,14.5,24.7,26.4,22.8,3,1.0,8.0,76.5,8,21.1,0
76.8,91.4,75.6,84.9,76.7,73.3,90.7,67.3,79.6,1,-0.6,15.0,74.4,0,91.0,2
44.6,52.2,60.9,52.5,40.3,16.6,63.8,34.0,45.6,2,-0.9,10.3,53.9,6,44.7,0
51.9,67.2,68.9,67.0,74.1,64.5,88.5,81.1,70.4,1,-2.4,14.4,66.9,1,76.2,1
10.0,16.3,23.9,30.4,25.3,13.6,33.4,15.0,21.0,4,6.1,8.3,74.6,8,15.7,0
10.0,26.4,15.0,29.5,36.8,10.0,25.7,34.4,23.5,3,2.6,8.9,68.4,8,14.4,0
90.8,67.6,85.4,76.3,80.0,72.1,90.6,91.9,81.8,5,5.2,9.5,72.2,0,93.8,2
25.3,35.7,37.4,22.2,20.0,33.3,33.5,22.2,28.7,1,-4.8,10.4,79.1,8,26.0,0
79.0,70.1,52.6,65.5,86.9,58.8,67.7,48.0,66.1,1,-2.8,13.7,61.1,3,74.9,1
38.0,83.7,92.4,62.3,70.3,69.6,65.3,80.3,70.2,4,1.9,9.2,50.7,1,72.3,1
56.2,42.8,42.8,51.3,34.2,37.4,55.2,34.9,44.3,1,-3.4,12.0,73.4,8,44.5,0
74.1,79.7,66.3,63.2,74.5,76.9,68.3,69.2,71.5,1,-4.6,12.6,83.1,0,82.5,2
64.3,58.3,59.9,64.1,56.6,40.4,50.4,77.4,58.9,2,2.3,13.0,67.6,5,61.5,1
56.4,60.3,64.0,65.5,61.2,42.0,74.5,65.7,61.2,5,5.8,9.3,71.9,2,69.9,1
50.1,40.7,63.1,49.1,50.5,23.0,26.3,47.8,43.8,4,1.4,7.7,60.0,7,41.0,0
31.8,53.9,48.7,38.0,35.5,21.3,37.6,17.9,35.6,1,-4.0,11.4,63.4,8,32.4,0
48.7,70.9,68.0,52.6,62.4,84.5,80.4,62.0,66.2,4,5.2,10.0,62.7,2,75.3,1
56.3,75.9,90.5,84.5,45.9,51.8,76.2,59.8,67.6,5,5.3,9.2,51.2,4,69.0,1
41.9,37.8,44.1,45.8,54.8,43.3,57.8,50.7,47.0,2,-1.2,10.7,79.6,8,44.4,0
83.6,82.9,87.0,86.3,68.4,67.1,72.3,71.7,77.4,1,-0.9,15.0,75.1,0,89.2,2
61.2,55.0,74.6,46.5,63.9,56.3,55.1,84.2,62.1,4,1.7,9.0,63.8,4,68.0,1
57.7,64.0,73.4,72.7,79.9,94.3,87.6,68.9,74.8,4,10.8,12.7,63.9,1,84.9,2
86.6,69.9,77.9,100.0,76.1,48.9,84.2,75.0,77.3,1,-0.7,15.0,55.9,1,83.1,2
47.1,65.2,83.2,69.0,68.6,95.7,80.8,91.2,75.1,4,7.0,11.1,52.8,1,84.2,2
79.1,73.3,73.0,64.7,64.5,58.4,42.3,58.9,64.3,3,2.9,10.8,65.6,3,75.8,1
55.6,36.3,16.1,55.4,27.4,42.1,39.0,25.3,37.2,5,3.5,6.8,58.0,8,33.9,0
68.4,74.0,100.0,80.7,73.6,75.1,100.0,96.5,83.5,1,-4.9,12.8,60.7,0,87.0,2
52.9,35.7,54.9,45.8,23.7,47.6,54.0,41.2,44.5,2,2.1,11.9,68.0,8,40.6,0
53.6,56.3,46.4,58.6,53.2,31.0,52.9,50.9,50.4,3,5.9,11.5,74.2,8,46.8,0
33.6,49.0,31.1,23.8,35.0,16.6,29.4,44.0,32.8,3,4.8,10.5,69.0,8,30.8,0
46.4,54.7,65.4,46.7,35.6,82.6,53.7,68.3,56.7,2,1.3,12.0,55.5,5,57.8,0
47.0,28.3,46.1,43.0,52.2,61.9,40.9,27.5,43.4,5,8.5,8.7,65.6,7,45.9,0
59.8,56.8,68.6,39.9,64.0,39.0,56.2,74.0,57.3,3,1.8,10.2,62.5,5,58.3,0
40.0,97.9,77.0,88.4,59.4,73.3,68.2,52.8,69.6,5,6.3,9.5,43.6,3,72.7,1
83.2,46.1,72.7,68.7,51.6,68.2,80.2,48.6,64.9,1,-0.7,15.0,56.9,3,72.6,1
48.5,49.0,54.3,53.0,54.3,48.0,34.0,33.2,46.8,5,6.8,8.3,74.5,8,48.3,0
70.5,95.1,63.8,87.8,69.6,60.4,68.2,69.1,73.1,3,-1.4,9.2,64.1,0,81.1,2
67.0,73.1,67.4,84.2,71.6,95.6,82.7,66.1,76.0,1,-3.7,13.5,68.5,0,86.4,2
26.1,50.7,34.2,28.4,36.6,35.2,50.0,44.8,38.2,1,-4.2,10.8,72.1,8,36.1,0
79.0,57.1,90.8,42.7,62.4,43.9,61.9,70.0,63.5,1,-4.0,12.7,50.8,3,68.5,1
80.5,56.1,74.3,67.6,89.8,63.4,60.9,76.6,71.2,3,3.1,11.6,66.5,1,81.1,2
49.3,40.0,49.8,38.0,41.2,25.1,23.8,34.8,37.8,2,-0.2,10.8,71.0,8,35.2,0
44.6,52.3,70.1,68.1,54.2,51.6,85.7,76.4,62.9,15,22.9,6.8,57.2,4,65.1,1
56.1,43.0,55.0,61.8,60.8,51.9,42.2,61.6,54.0,8,11.6,7.9,76.4,5,56.6,0
49.7,45.9,59.0,30.1,59.2,54.4,50.4,46.5,49.4,7,17.3,9.3,72.1,8,48.1,0
67.6,71.3,59.2,71.0,62.1,63.3,45.1,57.7,62.2,3,2.4,10.4,74.4,3,74.0,1
58.0,57.4,77.6,80.5,64.4,61.6,56.2,60.3,64.5,6,12.8,9.9,71.9,3,69.7,1
92.7,77.7,68.7,99.4,73.6,77.6,76.8,91.0,82.2,2,0.7,13.0,67.8,0,98.0,2
47.3,77.1,88.5,46.7,51.9,69.1,42.5,74.6,62.2,3,1.7,10.2,48.5,4,64.5,1
83.4,74.6,77.2,85.3,92.3,70.2,96.5,70.7,81.3,2,-1.3,11.9,70.7,0,93.4,2
44.3,53.8,52.3,34.1,56.7,10.0,50.2,38.2,42.4,1,-1.1,14.4,54.3,8,37.9,0
40.0,40.5,58.1,84.0,69.0,81.5,54.8,51.1,59.9,1,-2.4,13.8,49.3,5,58.0,0
57.2,48.2,44.7,58.8,66.0,38.8,52.8,61.7,53.5,3,4.3,11.2,72.6,6,53.7,0
59.7,65.2,76.1,61.8,71.5,69.2,78.8,78.5,70.1,1,-4.9,12.0,77.8,1,78.5,2
62.2,60.1,42.7,39.7,50.1,35.7,46.5,29.3,45.8,5,6.6,8.4,65.8,6,49.4,0
74.2,69.5,84.1,82.4,80.6,90.0,100.0,66.0,80.8,9,19.1,9.6,66.9,0,95.4,2
65.4,52.1,51.2,68.3,67.2,41.1,57.7,57.1,57.5,1,-0.9,15.0,72.0,5,64.5,1
31.0,50.4,43.3,26.0,45.9,31.1,50.5,52.8,41.4,3,5.2,11.0,68.6,8,38.6,0
39.6,43.4,34.4,57.3,43.0,26.1,24.6,26.4,36.8,5,13.4,10.0,66.3,8,36.0,0
31.9,27.4,44.6,45.4,46.7,40.9,32.7,33.1,37.8,2,-0.7,10.1,77.8,8,35.6,0
24.8,30.3,39.1,54.8,22.2,33.8,44.5,26.4,34.5,9,27.9,9.1,66.8,8,31.8,0
70.4,50.2,35.4,61.0,48.0,40.6,48.3,46.3,50.0,8,9.8,6.4,66.8,6,52.9,0
67.0,59.0,65.9,69.5,70.9,65.3,91.0,69.6,69.8,1,-1.8,15.0,72.0,1,77.9,1
28.3,36.6,36.1,44.8,46.1,40.8,35.2,23.1,36.4,1,-2.8,12.2,76.6,8,34.3,0
70.9,55.4,62.2,53.0,73.1,66.8,73.3,46.0,62.6,14,35.4,8.6,69.4,3,75.3,1
28.3,54.8,40.1,33.7,27.8,54.9,43.9,33.6,39.6,11,17.2,6.4,67.6,8,41.6,0
58.6,61.5,77.6,75.2,54.2,52.9,50.4,50.9,60.2,2,-0.9,10.8,67.9,5,64.2,1
58.8,63.6,59.5,44.1,34.4,51.8,38.2,63.1,51.7,1,-2.5,13.5,65.6,6,50.6,0
47.6,40.4,68.5,49.0,41.4,64.8,42.8,57.5,51.5,4,4.0,8.7,67.5,6,49.3,0
80.2,63.0,52.0,41.9,56.6,63.8,41.9,38.8,54.8,2,-0.4,11.0,57.8,5,62.2,1
48.4,67.9,57.3,50.1,66.9,59.1,69.4,70.0,61.1,10,28.8,9.7,74.0,4,68.8,1
75.6,64.1,51.0,51.3,58.3,31.5,69.1,65.9,58.4,6,7.5,8.2,58.8,4,63.4,1
72.8,64.9,70.1,85.9,71.9,36.3,58.2,60.6,65.1,4,4.8,10.1,56.8,2,73.1,1
47.6,40.4,33.9,45.8,30.3,41.6,47.9,46.7,41.8,2,-1.0,9.9,80.2,8,42.5,0
64.0,40.5,54.0,71.3,60.0,62.6,49.0,50.4,56.5,5,2.3,7.8,70.5,4,62.0,1
85.6,83.3,39.8,39.7,57.4,46.1,78.5,67.8,62.3,2,0.5,12.0,42.5,4,70.4,1
58.1,56.3,79.2,62.7,65.1,60.2,61.4,91.1,66.8,1,-2.3,14.1,63.8,2,67.4,1
43.1,35.3,33.6,34.5,51.6,20.5,41.8,40.7,37.6,3,6.1,11.0,72.8,8,36.8,0
85.5,56.0,86.7,75.9,69.5,70.2,85.6,65.4,74.4,3,3.7,11.5,66.8,1,82.4,2
33.7,49.5,40.1,73.7,27.2,44.6,46.6,25.4,42.6,6,15.9,9.6,54.0,7,42.8,0
80.3,74.9,75.3,37.0,70.5,69.1,68.2,69.0,68.0,7,6.0,7.7,60.5,1,81.8,2
55.8,53.9,56.9,62.0,63.5,54.7,65.5,68.2,60.1,2,-0.3,11.2,83.8,4,61.1,1
42.1,32.4,61.8,86.3,48.1,46.7,48.1,48.6,51.8,3,3.0,10.5,51.7,6,45.0,0
27.4,38.6,33.4,39.9,57.8,37.2,25.9,51.9,39.0,3,6.7,11.6,66.8,8,36.2,0
73.6,80.3,87.8,75.9,68.9,82.7,87.6,71.1,78.5,2,2.4,13.7,78.3,0,92.0,2
46.7,39.5,31.7,46.2,27.9,37.1,21.7,31.0,35.2,5,8.8,8.5,73.7,8,33.5,0
45.3,70.4,80.5,41.8,52.7,69.4,80.8,75.8,64.6,3,2.4,10.9,52.9,3,68.0,1
31.8,26.9,15.0,35.9,32.8,27.7,30.7,15.0,27.0,9,22.2,7.8,76.3,8,26.3,0
76.9,49.7,56.6,55.9,84.7,68.2,67.3,63.8,65.4,4,7.6,11.0,65.4,3,73.6,1
45.6,72.5,65.1,87.9,64.9,67.7,52.4,72.8,66.1,1,-0.2,15.0,61.2,2,69.4,1
37.0,30.4,43.3,43.7,37.8,31.2,40.5,43.0,38.4,1,-2.5,13.1,84.2,8,32.4,0
27.7,21.1,28.4,15.3,26.8,27.3,20.6,22.4,23.7,2,-2.0,8.5,86.2,8,23.9,0
43.8,24.2,37.4,47.3,42.3,27.1,35.6,33.0,36.3,2,1.2,11.1,75.8,8,32.5,0
59.7,53.2,63.3,48.9,52.7,40.7,31.7,64.2,51.8,2,0.1,10.7,66.3,6,53.0,0
73.3,87.1,85.4,90.8,68.1,83.1,89.4,84.3,82.7,1,-2.4,14.9,76.2,0,94.4,2
47.2,54.3,51.8,82.6,72.9,30.6,65.9,41.9,55.9,14,31.2,8.0,49.0,5,55.6,0
68.7,58.0,44.6,42.7,51.5,28.6,54.3,39.0,48.4,1,-0.6,15.0,62.9,7,48.8,0
66.7,59.8,89.0,97.3,93.4,58.2,72.9,76.4,76.7,4,10.4,12.5,54.8,2,80.8,2
72.3,66.2,47.3,90.6,68.1,48.8,76.0,81.2,68.8,1,-0.9,15.0,55.3,2,77.4,1
69.1,32.9,50.4,34.8,49.2,36.1,49.4,51.5,46.7,2,-1.3,10.0,64.3,7,49.4,0
50.5,54.5,29.0,34.8,32.6,60.9,22.2,54.1,42.3,2,0.7,11.1,57.2,7,44.4,0
57.9,54.1,62.3,50.6,58.9,59.9,51.2,35.4,53.8,2,-1.6,10.1,74.5,7,59.8,0
78.0,70.8,57.1,60.3,52.2,47.7,83.0,70.2,64.9,3,1.2,10.0,62.5,3,73.4,1
33.0,22.9,34.8,52.2,30.2,36.3,36.2,19.1,33.1,4,3.0,7.5,70.2,8,29.5,0
82.2,81.6,72.2,61.0,68.7,64.2,85.7,70.9,73.3,4,1.2,9.0,73.1,0,84.4,2
57.8,50.6,44.9,65.4,61.4,60.0,55.9,72.1,58.5,4,10.9,12.0,74.8,4,62.3,1
68.3,44.9,62.1,45.3,65.6,34.8,56.3,47.8,53.1,7,18.1,9.8,64.8,5,59.3,0
48.4,43.1,35.5,46.6,40.4,20.4,41.9,26.8,37.9,8,20.3,8.9,70.7,8,40.5,0
36.8,45.5,64.2,83.3,66.0,58.9,55.2,50.3,57.5,5,10.2,9.9,57.5,5,56.4,0
51.2,57.6,36.7,73.4,44.7,43.6,43.7,50.2,50.1,1,-1.5,14.2,66.2,7,51.7,0
17.8,40.2,47.4,50.5,45.7,46.6,31.8,52.6,41.6,12,32.2,8.4,65.3,8,33.7,0
36.6,18.4,30.2,39.4,50.3,47.7,28.5,18.6,33.7,11,21.5,6.6,64.0,8,31.6,0
73.0,63.0,67.4,81.1,77.2,64.1,69.5,68.6,70.5,5,13.8,12.0,81.2,0,85.5,2
87.3,73.0,80.5,60.6,64.0,54.2,71.4,66.9,69.7,3,5.6,12.1,67.9,1,82.8,2
65.1,32.3,59.4,84.7,61.0,77.6,59.8,65.9,63.2,2,0.1,11.6,53.8,3,68.8,1
81.7,60.2,64.7,87.4,67.6,63.2,52.7,72.8,68.8,5,12.9,11.5,65.8,1,81.5,2
41.3,70.6,57.6,57.9,44.3,36.9,68.5,52.4,53.7,8,19.8,9.3,63.1,6,55.7,0
60.5,49.8,35.0,50.6,73.3,57.0,57.3,43.7,53.4,4,9.1,10.9,65.5,6,56.4,0
22.7,40.4,61.3,31.3,27.0,24.1,25.7,42.2,34.3,4,10.2,10.3,60.8,7,31.2,0
54.9,48.3,29.7,48.2,27.2,26.0,38.8,57.1,41.3,1,-1.4,14.0,62.4,8,36.6,0
48.0,60.4,67.7,61.3,60.2,56.1,50.2,54.4,57.3,2,-2.0,10.5,80.8,4,66.2,1
69.1,50.3,67.8,82.4,71.6,71.9,68.3,61.8,67.9,5,9.4,10.3,72.6,1,79.5,2
22.1,23.4,51.4,44.7,34.6,16.2,42.9,45.2,35.1,1,-1.1,14.0,61.1,8,28.0,0
89.0,72.8,87.8,73.3,87.1,61.3,100.0,88.6,82.5,4,6.6,11.7,63.1,0,93.8,2
100.0,84.8,70.1,63.1,77.6,69.3,79.9,85.5,78.8,6,13.0,10.7,65.2,0,98.1,2
52.1,52.5,21.9,58.2,48.3,23.5,44.3,47.4,43.5,2,-1.1,10.2,59.6,8,40.8,0
69.0,60.4,47.2,54.0,77.8,43.9,82.6,73.6,63.6,1,-0.8,15.0,56.9,3,68.1,1
29.4,59.2,55.9,55.0,57.4,52.7,48.3,54.2,51.5,6,13.3,9.8,71.5,8,46.2,0
33.8,42.1,57.6,36.6,66.7,51.6,42.0,17.0,43.4,1,-4.4,11.2,54.0,7,44.4,0
